-- phpMyAdmin SQL Dump
-- version 5.2.1
-- https://www.phpmyadmin.net/
--
-- Host: 127.0.0.1
-- Generation Time: Aug 11, 2025 at 07:44 AM
-- Server version: 10.4.32-MariaDB
-- PHP Version: 8.0.30

SET SQL_MODE = "NO_AUTO_VALUE_ON_ZERO";
START TRANSACTION;
SET time_zone = "+00:00";


/*!40101 SET @OLD_CHARACTER_SET_CLIENT=@@CHARACTER_SET_CLIENT */;
/*!40101 SET @OLD_CHARACTER_SET_RESULTS=@@CHARACTER_SET_RESULTS */;
/*!40101 SET @OLD_COLLATION_CONNECTION=@@COLLATION_CONNECTION */;
/*!40101 SET NAMES utf8mb4 */;

--
-- Database: `ricepos`
--

-- --------------------------------------------------------

--
-- Table structure for table `delivery_orders`
--

CREATE TABLE `delivery_orders` (
  `id` int(11) NOT NULL,
  `sale_id` int(11) NOT NULL,
  `customer_name` varchar(120) NOT NULL,
  `customer_phone` varchar(40) DEFAULT NULL,
  `customer_address` text NOT NULL,
  `notes` varchar(255) DEFAULT NULL,
  `status` enum('pending','out_for_delivery','delivered','cancelled') NOT NULL DEFAULT 'pending',
  `created_at` datetime NOT NULL DEFAULT current_timestamp(),
  `updated_at` datetime DEFAULT NULL,
  `customer_lat` decimal(10,7) DEFAULT NULL,
  `customer_lng` decimal(10,7) DEFAULT NULL,
  `route_json` mediumtext DEFAULT NULL,
  `customer_email` varchar(190) DEFAULT NULL
) ENGINE=InnoDB DEFAULT CHARSET=utf8mb4 COLLATE=utf8mb4_general_ci;

--
-- Dumping data for table `delivery_orders`
--

INSERT INTO `delivery_orders` (`id`, `sale_id`, `customer_name`, `customer_phone`, `customer_address`, `notes`, `status`, `created_at`, `updated_at`, `customer_lat`, `customer_lng`, `route_json`, `customer_email`) VALUES
(1, 12, 'dsds', '908988909', 'dssdsasd', 'hi', 'pending', '2025-08-09 14:44:02', NULL, NULL, NULL, NULL, NULL),
(2, 13, 'rfgfg', '', 'gfg', '', 'delivered', '2025-08-09 14:48:35', '2025-08-09 14:49:19', NULL, NULL, NULL, NULL),
(3, 18, 'Aling Nena', '092910122', 'Dahlia, Commonwealth, 2nd District, Quezon City, Eastern Manila District, Metro Manila, 1121, Philippines', 'Malapit sa church', 'pending', '2025-08-09 18:22:55', NULL, 14.6948911, 121.0752119, '{\"distance_m\":14994.2,\"duration_s\":1565.6,\"geometry\":{\"coordinates\":[[120.987809,14.624105],[120.987822,14.624105],[120.988217,14.624096],[120.988525,14.624091],[120.988636,14.62414],[120.98881,14.623989],[120.988856,14.623974],[120.988904,14.623969],[120.988952,14.623972],[120.988999,14.623984],[120.989042,14.624005],[120.989114,14.624068],[120.989114,14.624091],[120.989151,14.62557],[120.989153,14.625668],[120.989157,14.625772],[120.989163,14.625945],[120.989167,14.626042],[120.989294,14.62604],[120.989695,14.626034],[120.989765,14.626095],[120.989824,14.62614],[120.989884,14.626264],[120.989931,14.62638],[120.989983,14.626543],[120.990262,14.627386],[120.990388,14.627753],[120.990518,14.62816],[120.990638,14.62851],[120.990761,14.628883],[120.990889,14.629259],[120.991017,14.629645],[120.991161,14.630096],[120.991291,14.630484],[120.9913,14.63051],[120.991445,14.630945],[120.991586,14.631398],[120.991742,14.631879],[120.99189,14.632327],[120.992047,14.632776],[120.992188,14.633211],[120.992272,14.633469],[120.992317,14.63361],[120.992337,14.633672],[120.992369,14.633769],[120.992497,14.634142],[120.992644,14.634597],[120.992673,14.634687],[120.992732,14.634874],[120.992794,14.635059],[120.99297,14.635567],[120.993186,14.636194],[120.99325,14.636382],[120.993332,14.636622],[120.993429,14.636914],[120.993503,14.637127],[120.993602,14.637193],[120.993556,14.637315],[120.993518,14.637399],[120.993366,14.637735],[120.993346,14.637767],[120.993262,14.637918],[120.993191,14.638046],[120.992554,14.639201],[120.992345,14.639583],[120.992272,14.639744],[120.992242,14.63986],[120.992223,14.639936],[120.992217,14.639976],[120.992214,14.640057],[120.992224,14.640159],[120.992258,14.640285],[120.992832,14.641624],[120.992854,14.641674],[120.993637,14.643474],[120.993691,14.643596],[120.993745,14.643718],[120.993824,14.643898],[120.993922,14.644119],[120.994155,14.644664],[120.994399,14.645234],[120.994517,14.645504],[120.994687,14.645868],[120.994735,14.645978],[120.99479,14.646106],[120.99483,14.646195],[120.994862,14.646269],[120.994906,14.64637],[120.994915,14.646393],[120.99498,14.646548],[120.995008,14.646615],[120.995074,14.646761],[120.995122,14.646878],[120.995245,14.647181],[120.995318,14.647354],[120.995576,14.647934],[120.995872,14.648635],[120.996521,14.650173],[120.996634,14.650442],[120.996729,14.650658],[120.996792,14.650802],[120.996854,14.650943],[120.997336,14.652045],[120.997463,14.65233],[120.997678,14.65277],[120.997849,14.653064],[120.997971,14.653298],[120.998089,14.653515],[120.998215,14.653733],[120.99852,14.654224],[120.998741,14.654545],[120.998862,14.654739],[120.999087,14.655041],[120.999111,14.655071],[120.999384,14.655456],[120.999532,14.65564],[120.999594,14.655719],[120.999659,14.655804],[120.999678,14.655854],[120.999902,14.656119],[120.999942,14.65617],[121.000005,14.656269],[121.000033,14.656322],[121.000051,14.656357],[121.000092,14.656439],[121.000131,14.656522],[121.000208,14.656702],[121.000236,14.656835],[121.000261,14.657003],[121.000277,14.657183],[121.000212,14.657946],[121.000212,14.65806],[121.000237,14.660795],[121.000244,14.660969],[121.000248,14.661099],[121.00026,14.661206],[121.000273,14.66127],[121.000317,14.661409],[121.000373,14.661497],[121.000466,14.661615],[121.000571,14.661734],[121.001831,14.663042],[121.00215,14.663368],[121.002239,14.663455],[121.002292,14.663509],[121.002409,14.663614],[121.00258,14.663791],[121.002787,14.664009],[121.003056,14.664268],[121.003165,14.664375],[121.003191,14.6644],[121.003272,14.664475],[121.003322,14.664556],[121.003365,14.664586],[121.00354,14.664681],[121.003654,14.664726],[121.003761,14.664767],[121.004204,14.664863],[121.00453,14.664958],[121.004671,14.66502],[121.004831,14.665101],[121.004863,14.665116],[121.004905,14.665135],[121.004949,14.665159],[121.005212,14.665302],[121.005561,14.66551],[121.00606,14.665804],[121.00619,14.665879],[121.00668,14.666142],[121.006725,14.666174],[121.006904,14.666315],[121.007213,14.666613],[121.007402,14.666812],[121.007435,14.666845],[121.007498,14.666873],[121.007533,14.666909],[121.007737,14.667127],[121.007769,14.667215],[121.007844,14.667291],[121.007902,14.667353],[121.008021,14.667483],[121.008156,14.667629],[121.008311,14.667803],[121.008406,14.667913],[121.008577,14.668109],[121.008633,14.668167],[121.008705,14.668248],[121.008789,14.668344],[121.008805,14.668363],[121.008837,14.668396],[121.008905,14.66847],[121.009087,14.668674],[121.009181,14.668781],[121.009257,14.668867],[121.009318,14.668938],[121.009498,14.669134],[121.009652,14.669305],[121.009979,14.669649],[121.010104,14.669779],[121.010271,14.669957],[121.010521,14.670231],[121.011068,14.670814],[121.01137,14.671138],[121.011428,14.6712],[121.01153,14.671309],[121.011791,14.671607],[121.012185,14.672046],[121.012267,14.67214],[121.012507,14.672421],[121.012747,14.672712],[121.012787,14.67276],[121.013179,14.67323],[121.013379,14.673467],[121.013411,14.673507],[121.013655,14.673799],[121.013944,14.674147],[121.013988,14.674197],[121.014241,14.6745],[121.014299,14.674572],[121.014333,14.674614],[121.014346,14.674631],[121.014424,14.674724],[121.014563,14.674842],[121.014858,14.675213],[121.014898,14.675329],[121.015022,14.675498],[121.01508,14.675569],[121.015148,14.675649],[121.015259,14.675796],[121.015441,14.676027],[121.015501,14.676103],[121.0162,14.676933],[121.016277,14.677024],[121.016353,14.677105],[121.016384,14.677141],[121.01645,14.677222],[121.016691,14.677476],[121.016752,14.677546],[121.016944,14.677765],[121.017066,14.677903],[121.017189,14.678043],[121.01728,14.678146],[121.017425,14.678321],[121.017558,14.678483],[121.017637,14.678577],[121.017735,14.67869],[121.018027,14.679029],[121.01842,14.679492],[121.018601,14.679708],[121.018634,14.679749],[121.01869,14.679816],[121.018848,14.679995],[121.018856,14.680006],[121.018926,14.68009],[121.019052,14.680249],[121.019071,14.680273],[121.01913,14.680346],[121.019245,14.680489],[121.019455,14.680751],[121.019469,14.680769],[121.019623,14.680956],[121.019871,14.681257],[121.020021,14.681433],[121.020062,14.68148],[121.020105,14.681533],[121.020267,14.681725],[121.020406,14.681893],[121.02069,14.682226],[121.020854,14.68242],[121.020968,14.68255],[121.021342,14.682979],[121.021506,14.683169],[121.021727,14.683423],[121.022053,14.683817],[121.022236,14.684036],[121.022344,14.684163],[121.022423,14.684253],[121.022482,14.684313],[121.022551,14.684375],[121.022623,14.684439],[121.022739,14.684522],[121.022856,14.684596],[121.02294,14.684641],[121.022987,14.684671],[121.023162,14.684774],[121.023244,14.684825],[121.023416,14.684931],[121.023514,14.685007],[121.0236,14.685085],[121.023687,14.685192],[121.023759,14.685305],[121.023825,14.685422],[121.023882,14.68553],[121.024125,14.68599],[121.024199,14.686135],[121.024227,14.68619],[121.024306,14.686271],[121.024375,14.686379],[121.024416,14.686453],[121.024497,14.686579],[121.024615,14.686739],[121.024654,14.686792],[121.024832,14.687033],[121.024875,14.687092],[121.025024,14.687289],[121.025036,14.687307],[121.025067,14.687346],[121.02517,14.687479],[121.025298,14.687636],[121.02551,14.687907],[121.025753,14.688176],[121.026044,14.688493],[121.026085,14.688536],[121.026193,14.688654],[121.026581,14.689064],[121.026829,14.689333],[121.027156,14.689696],[121.027456,14.690041],[121.027559,14.690158],[121.027719,14.690354],[121.027766,14.69041],[121.027918,14.690577],[121.027993,14.690661],[121.028177,14.690863],[121.028352,14.691062],[121.02842,14.691139],[121.028639,14.691383],[121.028941,14.691732],[121.029194,14.692034],[121.029382,14.692252],[121.029406,14.692278],[121.029549,14.692353],[121.029753,14.692594],[121.029885,14.692749],[121.029959,14.692836],[121.030086,14.692697],[121.030231,14.692551],[121.03034,14.69246],[121.030451,14.692395],[121.030549,14.692356],[121.030843,14.692252],[121.031039,14.692196],[121.031059,14.69219],[121.031296,14.692114],[121.031561,14.692024],[121.031904,14.691908],[121.031942,14.691892],[121.031999,14.691872],[121.032063,14.691849],[121.032293,14.691778],[121.032714,14.691645],[121.033091,14.691527],[121.03384,14.691335],[121.03419,14.69128],[121.034281,14.69128],[121.034364,14.691299],[121.034746,14.691426],[121.034969,14.691492],[121.035021,14.691508],[121.035215,14.691599],[121.035382,14.691695],[121.035506,14.691792],[121.035529,14.69184],[121.035578,14.691917],[121.035624,14.69198],[121.035733,14.692079],[121.035849,14.692159],[121.035971,14.6922],[121.036071,14.692225],[121.036102,14.692232],[121.036267,14.69227],[121.036504,14.692323],[121.036778,14.692374],[121.037089,14.69241],[121.037542,14.692396],[121.038253,14.692453],[121.038308,14.692457],[121.038604,14.692488],[121.038732,14.692502],[121.038865,14.692516],[121.03901,14.692531],[121.039114,14.692545],[121.039182,14.69256],[121.039256,14.692583],[121.039346,14.692616],[121.03947,14.692665],[121.039611,14.692719],[121.039698,14.692746],[121.039725,14.692755],[121.03982,14.692782],[121.039899,14.692805],[121.040032,14.692841],[121.040474,14.69296],[121.040681,14.693013],[121.040793,14.69303],[121.04091,14.693034],[121.041101,14.693032],[121.04113,14.693031],[121.041207,14.69303],[121.04192,14.693018],[121.041973,14.693021],[121.042014,14.693033],[121.042057,14.693055],[121.042096,14.693083],[121.042128,14.693112],[121.042176,14.693194],[121.042218,14.693282],[121.042246,14.693365],[121.042339,14.693767],[121.042391,14.693993],[121.042437,14.694087],[121.042504,14.694166],[121.042565,14.694214],[121.042651,14.694263],[121.042745,14.6943],[121.042806,14.694316],[121.042871,14.694331],[121.04295,14.694345],[121.043013,14.694351],[121.043081,14.694353],[121.043292,14.694348],[121.043633,14.694335],[121.043798,14.694329],[121.043921,14.694325],[121.044141,14.694318],[121.044302,14.694312],[121.045175,14.694294],[121.045406,14.694292],[121.046077,14.694296],[121.046274,14.694307],[121.046438,14.69432],[121.046487,14.694333],[121.046608,14.694381],[121.048021,14.695088],[121.048171,14.695155],[121.048379,14.695186],[121.048553,14.695204],[121.04867,14.695205],[121.048857,14.695181],[121.049291,14.6951],[121.049352,14.695095],[121.049562,14.695097],[121.049647,14.695097],[121.051561,14.695104],[121.051705,14.695101],[121.051999,14.695093],[121.052132,14.695087],[121.052234,14.695084],[121.052326,14.695081],[121.052421,14.695071],[121.052515,14.695052],[121.052586,14.695017],[121.052644,14.694978],[121.053213,14.694544],[121.053372,14.694426],[121.053828,14.694094],[121.054009,14.693984],[121.054128,14.69393],[121.054195,14.693906],[121.054308,14.693875],[121.054456,14.69384],[121.054761,14.693775],[121.054827,14.693761],[121.054945,14.693736],[121.055086,14.693707],[121.055212,14.693679],[121.055497,14.693607],[121.05561,14.693581],[121.055857,14.693532],[121.056485,14.693417],[121.056549,14.693401],[121.056646,14.693373],[121.056825,14.693305],[121.057129,14.693171],[121.05731,14.693087],[121.057382,14.693062],[121.057446,14.693044],[121.057759,14.692995],[121.057888,14.692986],[121.058317,14.692989],[121.058458,14.692993],[121.058953,14.69301],[121.05934,14.693018],[121.059839,14.693036],[121.060306,14.693031],[121.060457,14.693029],[121.060667,14.693027],[121.060809,14.693027],[121.061894,14.693021],[121.062564,14.693022],[121.063378,14.693019],[121.063425,14.693019],[121.064638,14.693021],[121.065141,14.693023],[121.065659,14.693025],[121.066113,14.693028],[121.066739,14.693032],[121.066884,14.693032],[121.066938,14.693043],[121.067,14.693069],[121.067074,14.693163],[121.067177,14.693296],[121.067407,14.693559],[121.0676,14.693551],[121.067693,14.693538],[121.067787,14.693521],[121.06786,14.693501],[121.067911,14.69347],[121.06796,14.693424],[121.068038,14.693327],[121.068088,14.693278],[121.068155,14.693234],[121.068228,14.693211],[121.06829,14.693199],[121.06839,14.693189],[121.068832,14.693165],[121.068972,14.693157],[121.069007,14.693154],[121.069084,14.693144],[121.069137,14.693134],[121.069189,14.693124],[121.069295,14.693112],[121.069431,14.693112],[121.069588,14.693125],[121.069758,14.693143],[121.069901,14.693164],[121.07004,14.693185],[121.070175,14.693199],[121.070268,14.693206],[121.070337,14.693204],[121.070361,14.693268],[121.070475,14.69352],[121.07062,14.693797],[121.070774,14.694083],[121.070894,14.694335],[121.070962,14.694446],[121.071022,14.694528],[121.071109,14.694623],[121.071222,14.694719],[121.071324,14.694787],[121.071434,14.694843],[121.071524,14.694876],[121.071829,14.69495],[121.072308,14.695081],[121.072379,14.695089],[121.072451,14.695092],[121.072451,14.695157],[121.072457,14.695229],[121.072467,14.695305],[121.072509,14.695447],[121.072551,14.695523],[121.072643,14.695601],[121.072661,14.695624],[121.072677,14.695674],[121.072677,14.695723],[121.072777,14.695921],[121.072819,14.695932],[121.072871,14.695944],[121.072958,14.696011],[121.073007,14.696081],[121.073087,14.696178],[121.073179,14.696484],[121.07322,14.696523],[121.073257,14.696532],[121.073297,14.696531],[121.073483,14.696482],[121.073645,14.696434],[121.073933,14.69629],[121.073747,14.696068],[121.074016,14.695962],[121.074232,14.695889],[121.074355,14.695848],[121.074541,14.695791],[121.074751,14.695719],[121.074964,14.69565],[121.075093,14.695604],[121.075211,14.695561],[121.075381,14.695497],[121.075559,14.695426],[121.075643,14.69539],[121.075467,14.695141],[121.075339,14.694975],[121.075307,14.694944],[121.075272,14.694919],[121.075212,14.694891]],\"type\":\"LineString\"},\"waypoints\":[{\"hint\":\"PioGgP___39DAAAARgAAAAAAAAAAAAAAKIE1QqhFsz8AAAAAAAAAAEMAAABGAAAAAAAAAAAAAABJPwAAoSA2B2kl3wChIDYHaSXfAAAAvwUAAAAA\",\"location\":[120.987809,14.624105],\"name\":\"Cavite Street\",\"distance\":0},{\"hint\":\"8Rl-gD85bYMKAAAAAwAAAF8AAAA9AAAAG1flQAwqAkD35INCGTQpQgoAAAADAAAAXwAAAD0AAABJPwAADHY3B-s54AAMdjcH6zngAAgATw8AAAAA\",\"location\":[121.075212,14.694891],\"name\":\"Dahlia\",\"distance\":0}]}', NULL),
(4, 19, 'Aling Nena', '09128383281', 'Dahlia, Commonwealth, 2nd District, Quezon City, Eastern Manila District, Metro Manila, 1121, Philippines', 'malapit sa church', 'pending', '2025-08-09 18:23:34', NULL, 14.6948911, 121.0752119, '{\"distance_m\":14994.2,\"duration_s\":1565.6,\"geometry\":{\"coordinates\":[[120.987809,14.624105],[120.987822,14.624105],[120.988217,14.624096],[120.988525,14.624091],[120.988636,14.62414],[120.98881,14.623989],[120.988856,14.623974],[120.988904,14.623969],[120.988952,14.623972],[120.988999,14.623984],[120.989042,14.624005],[120.989114,14.624068],[120.989114,14.624091],[120.989151,14.62557],[120.989153,14.625668],[120.989157,14.625772],[120.989163,14.625945],[120.989167,14.626042],[120.989294,14.62604],[120.989695,14.626034],[120.989765,14.626095],[120.989824,14.62614],[120.989884,14.626264],[120.989931,14.62638],[120.989983,14.626543],[120.990262,14.627386],[120.990388,14.627753],[120.990518,14.62816],[120.990638,14.62851],[120.990761,14.628883],[120.990889,14.629259],[120.991017,14.629645],[120.991161,14.630096],[120.991291,14.630484],[120.9913,14.63051],[120.991445,14.630945],[120.991586,14.631398],[120.991742,14.631879],[120.99189,14.632327],[120.992047,14.632776],[120.992188,14.633211],[120.992272,14.633469],[120.992317,14.63361],[120.992337,14.633672],[120.992369,14.633769],[120.992497,14.634142],[120.992644,14.634597],[120.992673,14.634687],[120.992732,14.634874],[120.992794,14.635059],[120.99297,14.635567],[120.993186,14.636194],[120.99325,14.636382],[120.993332,14.636622],[120.993429,14.636914],[120.993503,14.637127],[120.993602,14.637193],[120.993556,14.637315],[120.993518,14.637399],[120.993366,14.637735],[120.993346,14.637767],[120.993262,14.637918],[120.993191,14.638046],[120.992554,14.639201],[120.992345,14.639583],[120.992272,14.639744],[120.992242,14.63986],[120.992223,14.639936],[120.992217,14.639976],[120.992214,14.640057],[120.992224,14.640159],[120.992258,14.640285],[120.992832,14.641624],[120.992854,14.641674],[120.993637,14.643474],[120.993691,14.643596],[120.993745,14.643718],[120.993824,14.643898],[120.993922,14.644119],[120.994155,14.644664],[120.994399,14.645234],[120.994517,14.645504],[120.994687,14.645868],[120.994735,14.645978],[120.99479,14.646106],[120.99483,14.646195],[120.994862,14.646269],[120.994906,14.64637],[120.994915,14.646393],[120.99498,14.646548],[120.995008,14.646615],[120.995074,14.646761],[120.995122,14.646878],[120.995245,14.647181],[120.995318,14.647354],[120.995576,14.647934],[120.995872,14.648635],[120.996521,14.650173],[120.996634,14.650442],[120.996729,14.650658],[120.996792,14.650802],[120.996854,14.650943],[120.997336,14.652045],[120.997463,14.65233],[120.997678,14.65277],[120.997849,14.653064],[120.997971,14.653298],[120.998089,14.653515],[120.998215,14.653733],[120.99852,14.654224],[120.998741,14.654545],[120.998862,14.654739],[120.999087,14.655041],[120.999111,14.655071],[120.999384,14.655456],[120.999532,14.65564],[120.999594,14.655719],[120.999659,14.655804],[120.999678,14.655854],[120.999902,14.656119],[120.999942,14.65617],[121.000005,14.656269],[121.000033,14.656322],[121.000051,14.656357],[121.000092,14.656439],[121.000131,14.656522],[121.000208,14.656702],[121.000236,14.656835],[121.000261,14.657003],[121.000277,14.657183],[121.000212,14.657946],[121.000212,14.65806],[121.000237,14.660795],[121.000244,14.660969],[121.000248,14.661099],[121.00026,14.661206],[121.000273,14.66127],[121.000317,14.661409],[121.000373,14.661497],[121.000466,14.661615],[121.000571,14.661734],[121.001831,14.663042],[121.00215,14.663368],[121.002239,14.663455],[121.002292,14.663509],[121.002409,14.663614],[121.00258,14.663791],[121.002787,14.664009],[121.003056,14.664268],[121.003165,14.664375],[121.003191,14.6644],[121.003272,14.664475],[121.003322,14.664556],[121.003365,14.664586],[121.00354,14.664681],[121.003654,14.664726],[121.003761,14.664767],[121.004204,14.664863],[121.00453,14.664958],[121.004671,14.66502],[121.004831,14.665101],[121.004863,14.665116],[121.004905,14.665135],[121.004949,14.665159],[121.005212,14.665302],[121.005561,14.66551],[121.00606,14.665804],[121.00619,14.665879],[121.00668,14.666142],[121.006725,14.666174],[121.006904,14.666315],[121.007213,14.666613],[121.007402,14.666812],[121.007435,14.666845],[121.007498,14.666873],[121.007533,14.666909],[121.007737,14.667127],[121.007769,14.667215],[121.007844,14.667291],[121.007902,14.667353],[121.008021,14.667483],[121.008156,14.667629],[121.008311,14.667803],[121.008406,14.667913],[121.008577,14.668109],[121.008633,14.668167],[121.008705,14.668248],[121.008789,14.668344],[121.008805,14.668363],[121.008837,14.668396],[121.008905,14.66847],[121.009087,14.668674],[121.009181,14.668781],[121.009257,14.668867],[121.009318,14.668938],[121.009498,14.669134],[121.009652,14.669305],[121.009979,14.669649],[121.010104,14.669779],[121.010271,14.669957],[121.010521,14.670231],[121.011068,14.670814],[121.01137,14.671138],[121.011428,14.6712],[121.01153,14.671309],[121.011791,14.671607],[121.012185,14.672046],[121.012267,14.67214],[121.012507,14.672421],[121.012747,14.672712],[121.012787,14.67276],[121.013179,14.67323],[121.013379,14.673467],[121.013411,14.673507],[121.013655,14.673799],[121.013944,14.674147],[121.013988,14.674197],[121.014241,14.6745],[121.014299,14.674572],[121.014333,14.674614],[121.014346,14.674631],[121.014424,14.674724],[121.014563,14.674842],[121.014858,14.675213],[121.014898,14.675329],[121.015022,14.675498],[121.01508,14.675569],[121.015148,14.675649],[121.015259,14.675796],[121.015441,14.676027],[121.015501,14.676103],[121.0162,14.676933],[121.016277,14.677024],[121.016353,14.677105],[121.016384,14.677141],[121.01645,14.677222],[121.016691,14.677476],[121.016752,14.677546],[121.016944,14.677765],[121.017066,14.677903],[121.017189,14.678043],[121.01728,14.678146],[121.017425,14.678321],[121.017558,14.678483],[121.017637,14.678577],[121.017735,14.67869],[121.018027,14.679029],[121.01842,14.679492],[121.018601,14.679708],[121.018634,14.679749],[121.01869,14.679816],[121.018848,14.679995],[121.018856,14.680006],[121.018926,14.68009],[121.019052,14.680249],[121.019071,14.680273],[121.01913,14.680346],[121.019245,14.680489],[121.019455,14.680751],[121.019469,14.680769],[121.019623,14.680956],[121.019871,14.681257],[121.020021,14.681433],[121.020062,14.68148],[121.020105,14.681533],[121.020267,14.681725],[121.020406,14.681893],[121.02069,14.682226],[121.020854,14.68242],[121.020968,14.68255],[121.021342,14.682979],[121.021506,14.683169],[121.021727,14.683423],[121.022053,14.683817],[121.022236,14.684036],[121.022344,14.684163],[121.022423,14.684253],[121.022482,14.684313],[121.022551,14.684375],[121.022623,14.684439],[121.022739,14.684522],[121.022856,14.684596],[121.02294,14.684641],[121.022987,14.684671],[121.023162,14.684774],[121.023244,14.684825],[121.023416,14.684931],[121.023514,14.685007],[121.0236,14.685085],[121.023687,14.685192],[121.023759,14.685305],[121.023825,14.685422],[121.023882,14.68553],[121.024125,14.68599],[121.024199,14.686135],[121.024227,14.68619],[121.024306,14.686271],[121.024375,14.686379],[121.024416,14.686453],[121.024497,14.686579],[121.024615,14.686739],[121.024654,14.686792],[121.024832,14.687033],[121.024875,14.687092],[121.025024,14.687289],[121.025036,14.687307],[121.025067,14.687346],[121.02517,14.687479],[121.025298,14.687636],[121.02551,14.687907],[121.025753,14.688176],[121.026044,14.688493],[121.026085,14.688536],[121.026193,14.688654],[121.026581,14.689064],[121.026829,14.689333],[121.027156,14.689696],[121.027456,14.690041],[121.027559,14.690158],[121.027719,14.690354],[121.027766,14.69041],[121.027918,14.690577],[121.027993,14.690661],[121.028177,14.690863],[121.028352,14.691062],[121.02842,14.691139],[121.028639,14.691383],[121.028941,14.691732],[121.029194,14.692034],[121.029382,14.692252],[121.029406,14.692278],[121.029549,14.692353],[121.029753,14.692594],[121.029885,14.692749],[121.029959,14.692836],[121.030086,14.692697],[121.030231,14.692551],[121.03034,14.69246],[121.030451,14.692395],[121.030549,14.692356],[121.030843,14.692252],[121.031039,14.692196],[121.031059,14.69219],[121.031296,14.692114],[121.031561,14.692024],[121.031904,14.691908],[121.031942,14.691892],[121.031999,14.691872],[121.032063,14.691849],[121.032293,14.691778],[121.032714,14.691645],[121.033091,14.691527],[121.03384,14.691335],[121.03419,14.69128],[121.034281,14.69128],[121.034364,14.691299],[121.034746,14.691426],[121.034969,14.691492],[121.035021,14.691508],[121.035215,14.691599],[121.035382,14.691695],[121.035506,14.691792],[121.035529,14.69184],[121.035578,14.691917],[121.035624,14.69198],[121.035733,14.692079],[121.035849,14.692159],[121.035971,14.6922],[121.036071,14.692225],[121.036102,14.692232],[121.036267,14.69227],[121.036504,14.692323],[121.036778,14.692374],[121.037089,14.69241],[121.037542,14.692396],[121.038253,14.692453],[121.038308,14.692457],[121.038604,14.692488],[121.038732,14.692502],[121.038865,14.692516],[121.03901,14.692531],[121.039114,14.692545],[121.039182,14.69256],[121.039256,14.692583],[121.039346,14.692616],[121.03947,14.692665],[121.039611,14.692719],[121.039698,14.692746],[121.039725,14.692755],[121.03982,14.692782],[121.039899,14.692805],[121.040032,14.692841],[121.040474,14.69296],[121.040681,14.693013],[121.040793,14.69303],[121.04091,14.693034],[121.041101,14.693032],[121.04113,14.693031],[121.041207,14.69303],[121.04192,14.693018],[121.041973,14.693021],[121.042014,14.693033],[121.042057,14.693055],[121.042096,14.693083],[121.042128,14.693112],[121.042176,14.693194],[121.042218,14.693282],[121.042246,14.693365],[121.042339,14.693767],[121.042391,14.693993],[121.042437,14.694087],[121.042504,14.694166],[121.042565,14.694214],[121.042651,14.694263],[121.042745,14.6943],[121.042806,14.694316],[121.042871,14.694331],[121.04295,14.694345],[121.043013,14.694351],[121.043081,14.694353],[121.043292,14.694348],[121.043633,14.694335],[121.043798,14.694329],[121.043921,14.694325],[121.044141,14.694318],[121.044302,14.694312],[121.045175,14.694294],[121.045406,14.694292],[121.046077,14.694296],[121.046274,14.694307],[121.046438,14.69432],[121.046487,14.694333],[121.046608,14.694381],[121.048021,14.695088],[121.048171,14.695155],[121.048379,14.695186],[121.048553,14.695204],[121.04867,14.695205],[121.048857,14.695181],[121.049291,14.6951],[121.049352,14.695095],[121.049562,14.695097],[121.049647,14.695097],[121.051561,14.695104],[121.051705,14.695101],[121.051999,14.695093],[121.052132,14.695087],[121.052234,14.695084],[121.052326,14.695081],[121.052421,14.695071],[121.052515,14.695052],[121.052586,14.695017],[121.052644,14.694978],[121.053213,14.694544],[121.053372,14.694426],[121.053828,14.694094],[121.054009,14.693984],[121.054128,14.69393],[121.054195,14.693906],[121.054308,14.693875],[121.054456,14.69384],[121.054761,14.693775],[121.054827,14.693761],[121.054945,14.693736],[121.055086,14.693707],[121.055212,14.693679],[121.055497,14.693607],[121.05561,14.693581],[121.055857,14.693532],[121.056485,14.693417],[121.056549,14.693401],[121.056646,14.693373],[121.056825,14.693305],[121.057129,14.693171],[121.05731,14.693087],[121.057382,14.693062],[121.057446,14.693044],[121.057759,14.692995],[121.057888,14.692986],[121.058317,14.692989],[121.058458,14.692993],[121.058953,14.69301],[121.05934,14.693018],[121.059839,14.693036],[121.060306,14.693031],[121.060457,14.693029],[121.060667,14.693027],[121.060809,14.693027],[121.061894,14.693021],[121.062564,14.693022],[121.063378,14.693019],[121.063425,14.693019],[121.064638,14.693021],[121.065141,14.693023],[121.065659,14.693025],[121.066113,14.693028],[121.066739,14.693032],[121.066884,14.693032],[121.066938,14.693043],[121.067,14.693069],[121.067074,14.693163],[121.067177,14.693296],[121.067407,14.693559],[121.0676,14.693551],[121.067693,14.693538],[121.067787,14.693521],[121.06786,14.693501],[121.067911,14.69347],[121.06796,14.693424],[121.068038,14.693327],[121.068088,14.693278],[121.068155,14.693234],[121.068228,14.693211],[121.06829,14.693199],[121.06839,14.693189],[121.068832,14.693165],[121.068972,14.693157],[121.069007,14.693154],[121.069084,14.693144],[121.069137,14.693134],[121.069189,14.693124],[121.069295,14.693112],[121.069431,14.693112],[121.069588,14.693125],[121.069758,14.693143],[121.069901,14.693164],[121.07004,14.693185],[121.070175,14.693199],[121.070268,14.693206],[121.070337,14.693204],[121.070361,14.693268],[121.070475,14.69352],[121.07062,14.693797],[121.070774,14.694083],[121.070894,14.694335],[121.070962,14.694446],[121.071022,14.694528],[121.071109,14.694623],[121.071222,14.694719],[121.071324,14.694787],[121.071434,14.694843],[121.071524,14.694876],[121.071829,14.69495],[121.072308,14.695081],[121.072379,14.695089],[121.072451,14.695092],[121.072451,14.695157],[121.072457,14.695229],[121.072467,14.695305],[121.072509,14.695447],[121.072551,14.695523],[121.072643,14.695601],[121.072661,14.695624],[121.072677,14.695674],[121.072677,14.695723],[121.072777,14.695921],[121.072819,14.695932],[121.072871,14.695944],[121.072958,14.696011],[121.073007,14.696081],[121.073087,14.696178],[121.073179,14.696484],[121.07322,14.696523],[121.073257,14.696532],[121.073297,14.696531],[121.073483,14.696482],[121.073645,14.696434],[121.073933,14.69629],[121.073747,14.696068],[121.074016,14.695962],[121.074232,14.695889],[121.074355,14.695848],[121.074541,14.695791],[121.074751,14.695719],[121.074964,14.69565],[121.075093,14.695604],[121.075211,14.695561],[121.075381,14.695497],[121.075559,14.695426],[121.075643,14.69539],[121.075467,14.695141],[121.075339,14.694975],[121.075307,14.694944],[121.075272,14.694919],[121.075212,14.694891]],\"type\":\"LineString\"},\"waypoints\":[{\"hint\":\"PioGgP___39DAAAARgAAAAAAAAAAAAAAKIE1QqhFsz8AAAAAAAAAAEMAAABGAAAAAAAAAAAAAABJPwAAoSA2B2kl3wChIDYHaSXfAAAAvwUAAAAA\",\"location\":[120.987809,14.624105],\"name\":\"Cavite Street\",\"distance\":0},{\"hint\":\"8Rl-gD85bYMKAAAAAwAAAF8AAAA9AAAAG1flQAwqAkD35INCGTQpQgoAAAADAAAAXwAAAD0AAABJPwAADHY3B-s54AAMdjcH6zngAAgATw8AAAAA\",\"location\":[121.075212,14.694891],\"name\":\"Dahlia\",\"distance\":0}]}', NULL),
(5, 21, 'Gelito Cunanan', '091289373', 'Manila, Capital District, Metro Manila, Philippines', 'hi', 'out_for_delivery', '2025-08-10 14:26:10', '2025-08-10 17:10:08', 14.5904492, 120.9803621, '{\"distance_m\":4836.9,\"duration_s\":421.1,\"geometry\":{\"coordinates\":[[120.987809,14.624105],[120.987822,14.624105],[120.988217,14.624096],[120.988525,14.624091],[120.988636,14.62414],[120.98881,14.623989],[120.988858,14.623911],[120.988909,14.623838],[120.988979,14.623724],[120.989004,14.623676],[120.989023,14.623624],[120.98904,14.623565],[120.989055,14.623469],[120.989032,14.622974],[120.989028,14.62279],[120.989023,14.622626],[120.988992,14.621985],[120.988989,14.621808],[120.988909,14.619054],[120.988908,14.618982],[120.988887,14.618398],[120.988882,14.618284],[120.988855,14.617661],[120.988847,14.617409],[120.988835,14.61711],[120.988835,14.616657],[120.988819,14.616129],[120.988792,14.615573],[120.988772,14.615146],[120.988769,14.615056],[120.988729,14.6143],[120.988717,14.61406],[120.988626,14.613978],[120.988702,14.613899],[120.988718,14.613883],[120.989406,14.613166],[120.989641,14.612918],[120.98994,14.612602],[120.990021,14.612517],[120.9901,14.612434],[120.990579,14.611929],[120.990668,14.611834],[120.990731,14.611768],[120.991107,14.611371],[120.991155,14.61132],[120.991764,14.610665],[120.991997,14.610433],[120.992422,14.610008],[120.99264,14.609791],[120.992717,14.609708],[120.992646,14.609644],[120.992211,14.609252],[120.991942,14.609009],[120.991583,14.608686],[120.991534,14.608642],[120.991481,14.608594],[120.991373,14.608497],[120.991335,14.608464],[120.991321,14.608451],[120.991165,14.608314],[120.991053,14.608217],[120.990715,14.607912],[120.989769,14.607038],[120.989642,14.606918],[120.989441,14.60672],[120.989144,14.606453],[120.988888,14.606221],[120.988609,14.60597],[120.988499,14.605872],[120.988344,14.605731],[120.988042,14.605499],[120.987921,14.605413],[120.987726,14.605351],[120.986858,14.605139],[120.985706,14.604856],[120.985534,14.604813],[120.985485,14.604797],[120.98544,14.604774],[120.985398,14.604744],[120.985361,14.604709],[120.985321,14.604662],[120.985276,14.604432],[120.985056,14.603392],[120.984976,14.603025],[120.984949,14.602903],[120.984723,14.60188],[120.984648,14.601507],[120.98463,14.601422],[120.98456,14.601074],[120.984477,14.60065],[120.984409,14.600317],[120.98425,14.599519],[120.984006,14.598269],[120.983837,14.597392],[120.983716,14.596815],[120.983688,14.596745],[120.983656,14.596687],[120.983593,14.596634],[120.982929,14.596183],[120.982497,14.595898],[120.981839,14.595478],[120.981114,14.594994],[120.980774,14.594764],[120.980651,14.594682],[120.980497,14.594696],[120.980261,14.594549],[120.980205,14.594514],[120.98015,14.59448],[120.980089,14.59445],[120.980035,14.594428],[120.979731,14.594321],[120.979504,14.594247],[120.979231,14.594168],[120.979108,14.594119],[120.979037,14.594077],[120.978981,14.593995],[120.978941,14.593917],[120.978915,14.593803],[120.978914,14.593778],[120.978911,14.593725],[120.97893,14.593603],[120.978964,14.593501],[120.979,14.593449],[120.979043,14.59339],[120.979151,14.593271],[120.979312,14.593122],[120.979515,14.592859],[120.979641,14.592619],[120.979924,14.59225],[120.979981,14.592173],[120.980054,14.59206],[120.980104,14.591954],[120.98018,14.59176],[120.980374,14.591153],[120.980608,14.590395],[120.980489,14.590308]],\"type\":\"LineString\"},\"waypoints\":[{\"hint\":\"PioGgP___39DAAAARgAAAAAAAAAAAAAAKIE1QqhFsz8AAAAAAAAAAEMAAABGAAAAAAAAAAAAAABJPwAAoSA2B2kl3wChIDYHaSXfAAAAvwUAAAAA\",\"location\":[120.987809,14.624105],\"name\":\"Cavite Street\",\"distance\":0},{\"hint\":\"IFgAgPOgb4ASAAAAAAAAAAAAAACiAAAAdEaAQQAAAAAAAAAAcy8PQxIAAAAAAAAAAAAAAKIAAABJPwAACQQ2B2Sh3gCKAzYH8aHeAAAAnw4AAAAA\",\"location\":[120.980489,14.590308],\"name\":\"Victoria Street\",\"distance\":20.75285988}]}', NULL),
(6, 22, 'Gel Pogi', '09239339', 'Grace Park East, District 2, Caloocan, Northern Manila District, Metro Manila, 1405, Philippines', '122', 'delivered', '2025-08-10 14:32:09', '2025-08-10 15:04:56', 14.6514646, 120.9882621, '{\"distance_m\":4145,\"duration_s\":423,\"geometry\":{\"coordinates\":[[120.987809,14.624105],[120.987822,14.624105],[120.988217,14.624096],[120.988525,14.624091],[120.988636,14.62414],[120.98881,14.623989],[120.988856,14.623974],[120.988904,14.623969],[120.988952,14.623972],[120.988999,14.623984],[120.989042,14.624005],[120.989114,14.624068],[120.989114,14.624091],[120.989151,14.62557],[120.989153,14.625668],[120.989157,14.625772],[120.989163,14.625945],[120.989167,14.626042],[120.989294,14.62604],[120.989695,14.626034],[120.989765,14.626095],[120.989824,14.62614],[120.989884,14.626264],[120.989931,14.62638],[120.989983,14.626543],[120.990262,14.627386],[120.990388,14.627753],[120.990518,14.62816],[120.990638,14.62851],[120.990761,14.628883],[120.990889,14.629259],[120.991017,14.629645],[120.991161,14.630096],[120.991291,14.630484],[120.9913,14.63051],[120.991445,14.630945],[120.991586,14.631398],[120.991742,14.631879],[120.99189,14.632327],[120.992047,14.632776],[120.992188,14.633211],[120.992272,14.633469],[120.992317,14.63361],[120.992337,14.633672],[120.992369,14.633769],[120.992497,14.634142],[120.992644,14.634597],[120.992673,14.634687],[120.992732,14.634874],[120.992794,14.635059],[120.99297,14.635567],[120.993186,14.636194],[120.99325,14.636382],[120.993332,14.636622],[120.993429,14.636914],[120.993503,14.637127],[120.993602,14.637193],[120.993556,14.637315],[120.993518,14.637399],[120.993366,14.637735],[120.993346,14.637767],[120.993262,14.637918],[120.993191,14.638046],[120.992554,14.639201],[120.992345,14.639583],[120.992272,14.639744],[120.992242,14.63986],[120.992223,14.639936],[120.992217,14.639976],[120.992214,14.640057],[120.992224,14.640159],[120.992258,14.640285],[120.992832,14.641624],[120.992854,14.641674],[120.993637,14.643474],[120.993691,14.643596],[120.993745,14.643718],[120.993824,14.643898],[120.993922,14.644119],[120.994155,14.644664],[120.994399,14.645234],[120.994517,14.645504],[120.994687,14.645868],[120.994735,14.645978],[120.99479,14.646106],[120.99483,14.646195],[120.994862,14.646269],[120.994906,14.64637],[120.994915,14.646393],[120.99498,14.646548],[120.995008,14.646615],[120.995074,14.646761],[120.995122,14.646878],[120.99498,14.64688],[120.994939,14.64688],[120.994858,14.646881],[120.994059,14.646888],[120.994004,14.646888],[120.993556,14.6469],[120.99316,14.646912],[120.992766,14.646963],[120.992653,14.646981],[120.9924,14.647022],[120.99213,14.647049],[120.992082,14.647054],[120.992025,14.647059],[120.991601,14.64709],[120.990965,14.647115],[120.990895,14.647117],[120.990814,14.647119],[120.990172,14.647136],[120.989467,14.647152],[120.988754,14.647182],[120.988046,14.647211],[120.988088,14.648622],[120.988106,14.649302],[120.988113,14.649552],[120.988125,14.650016],[120.98818,14.651414],[120.98826,14.651412]],\"type\":\"LineString\"},\"waypoints\":[{\"hint\":\"PioGgP___39DAAAARgAAAAAAAAAAAAAAKIE1QqhFsz8AAAAAAAAAAEMAAABGAAAAAAAAAAAAAABJPwAAoSA2B2kl3wChIDYHaSXfAAAAvwUAAAAA\",\"location\":[120.987809,14.624105],\"name\":\"Cavite Street\",\"distance\":0},{\"hint\":\"-rMHgMjTC4AJAAAATQAAAAAAAAAAAAAAcuoJQYo0iEIAAAAAAAAAAAkAAABNAAAAAAAAAAAAAABJPwAAZCI2BxSQ3wBmIjYHSZDfAAAAvwUAAAAA\",\"location\":[120.98826,14.651412],\"name\":\"10th Avenue\",\"distance\":5.868170902}]}', NULL),
(7, 23, 'Andres', '', 'España Boulevard, Sampaloc, Fourth District, Manila, Capital District, Metro Manila, 1008, Philippines', '', 'pending', '2025-08-10 19:08:05', NULL, 14.6135274, 120.9971216, '{\"distance_m\":2268.4,\"duration_s\":275.7,\"geometry\":{\"coordinates\":[[120.987809,14.624105],[120.987822,14.624105],[120.988217,14.624096],[120.988525,14.624091],[120.988636,14.62414],[120.98881,14.623989],[120.988858,14.623911],[120.988909,14.623838],[120.988979,14.623724],[120.989004,14.623676],[120.989023,14.623624],[120.98904,14.623565],[120.989055,14.623469],[120.989032,14.622974],[120.989028,14.62279],[120.989023,14.622626],[120.988992,14.621985],[120.988989,14.621808],[120.988909,14.619054],[120.988908,14.618982],[120.988887,14.618398],[120.988882,14.618284],[120.988855,14.617661],[120.988847,14.617409],[120.988835,14.61711],[120.988835,14.616657],[120.988819,14.616129],[120.988889,14.616057],[120.989831,14.615076],[120.989884,14.615122],[120.990105,14.615315],[120.990369,14.615563],[120.990424,14.615615],[120.990545,14.615728],[120.990642,14.615816],[120.99078,14.615946],[120.990928,14.616067],[120.9911,14.615879],[120.991933,14.61501],[120.992965,14.613926],[120.993982,14.61287],[120.995026,14.611795],[120.995109,14.61171],[120.99537,14.61195],[120.995644,14.61219],[120.995915,14.612436],[120.996187,14.612676],[120.996278,14.612759],[120.996299,14.612778],[120.996328,14.612803],[120.996366,14.612837],[120.996463,14.612926],[120.996727,14.613162],[120.996996,14.613411],[120.997067,14.613476],[120.997115,14.613521],[120.997122,14.613527]],\"type\":\"LineString\"},\"waypoints\":[{\"hint\":\"PioGgP___39DAAAARgAAAAAAAAAAAAAAKIE1QqhFsz8AAAAAAAAAAEMAAABGAAAAAAAAAAAAAABJPwAAoSA2B2kl3wChIDYHaSXfAAAAvwUAAAAA\",\"location\":[120.987809,14.624105],\"name\":\"Cavite Street\",\"distance\":0},{\"hint\":\"j7_2iP___38AAAAABwAAAAUAAAAAAAAAuJqAP0qUC0GZt-VAAAAAAAAAAAAHAAAABQAAAAAAAABJPwAAAkU2Bxf83gACRTYHF_zeAAIA3wIAAAAA\",\"location\":[120.997122,14.613527],\"name\":\"España Boulevard\",\"distance\":0}]}', NULL),
(8, 25, 'Nichole', '09434434', 'Quezon City, Eastern Manila District, Metro Manila, Philippines', '', 'pending', '2025-08-10 22:16:35', NULL, 14.6510546, 121.0486254, '{\"distance_m\":9030.2,\"duration_s\":900.6,\"geometry\":{\"coordinates\":[[120.987809,14.624105],[120.987822,14.624105],[120.988217,14.624096],[120.988525,14.624091],[120.988636,14.62414],[120.98881,14.623989],[120.988909,14.623902],[120.988939,14.623884],[120.988971,14.623871],[120.989005,14.623863],[120.98904,14.62386],[120.989069,14.623862],[120.989099,14.623867],[120.989127,14.623876],[120.989239,14.623948],[120.989329,14.624025],[120.989515,14.624194],[120.989611,14.624282],[120.989855,14.624511],[120.990121,14.624741],[120.99047,14.62506],[120.990501,14.62509],[120.990542,14.62513],[120.991315,14.624536],[120.991401,14.624469],[120.991494,14.624397],[120.991797,14.624163],[120.992614,14.623533],[120.993806,14.622613],[120.994975,14.62171],[120.995466,14.622153],[120.995808,14.622462],[120.996115,14.622739],[120.996209,14.622824],[120.996461,14.623051],[120.996803,14.62336],[120.997146,14.623669],[120.997481,14.623971],[120.997817,14.624274],[120.998158,14.624582],[120.998263,14.624676],[120.998351,14.624756],[120.998974,14.625052],[120.999766,14.625415],[121.000573,14.625783],[121.001276,14.626106],[121.001365,14.626147],[121.001439,14.626179],[121.00172,14.626302],[121.002195,14.626505],[121.002947,14.626837],[121.00297,14.626847],[121.003912,14.627287],[121.004235,14.627435],[121.004366,14.627497],[121.004623,14.627619],[121.005277,14.627921],[121.006327,14.628391],[121.006616,14.628527],[121.008563,14.629396],[121.009399,14.62977],[121.010107,14.630101],[121.010541,14.630292],[121.010795,14.630408],[121.010935,14.630471],[121.011298,14.630186],[121.011662,14.629853],[121.012321,14.629148],[121.012678,14.628811],[121.013162,14.628352],[121.013332,14.628186],[121.013466,14.628314],[121.013536,14.628379],[121.014696,14.629446],[121.01487,14.629594],[121.015085,14.629791],[121.015126,14.629885],[121.015661,14.630376],[121.015813,14.630506],[121.01637,14.63094],[121.017014,14.631397],[121.017184,14.63151],[121.017527,14.631727],[121.0176,14.631777],[121.017685,14.631836],[121.017737,14.631872],[121.017815,14.631926],[121.018767,14.632519],[121.020027,14.633297],[121.02041,14.633533],[121.020583,14.63364],[121.021665,14.634308],[121.021909,14.634459],[121.022225,14.634654],[121.022567,14.634865],[121.023052,14.635165],[121.023152,14.635227],[121.023459,14.635416],[121.024216,14.635884],[121.024292,14.63593],[121.02521,14.636497],[121.025605,14.636738],[121.026104,14.637038],[121.026174,14.637085],[121.026202,14.637104],[121.026547,14.637318],[121.027831,14.638121],[121.028905,14.638779],[121.029068,14.638876],[121.030292,14.639633],[121.030403,14.639701],[121.030498,14.639758],[121.031367,14.640285],[121.032806,14.641181],[121.032826,14.641194],[121.032922,14.641253],[121.033034,14.641323],[121.034665,14.642349],[121.034718,14.642414],[121.036844,14.643718],[121.038286,14.644608],[121.04018,14.645776],[121.041461,14.646567],[121.042781,14.647378],[121.042908,14.647434],[121.043067,14.647532],[121.044609,14.648497],[121.044803,14.648618],[121.045688,14.649171],[121.046571,14.649711],[121.046926,14.649916],[121.046965,14.649929],[121.047045,14.649944],[121.047127,14.649943],[121.047206,14.649925],[121.047281,14.649892],[121.04737,14.64978],[121.047509,14.64962],[121.047628,14.649501],[121.047728,14.649405],[121.047742,14.649394],[121.047887,14.649272],[121.048051,14.649146],[121.048151,14.649068],[121.048265,14.649],[121.048376,14.648932],[121.048489,14.648869],[121.048605,14.648809],[121.048654,14.648784],[121.048709,14.648758],[121.04891,14.648675],[121.049117,14.648607],[121.04929,14.648557],[121.049329,14.648545],[121.049684,14.648504],[121.04983,14.648504],[121.049968,14.64851],[121.050079,14.648522],[121.050369,14.648579],[121.050495,14.648614],[121.050618,14.648658],[121.050737,14.648709],[121.05091,14.648796],[121.050951,14.648818],[121.051118,14.64893],[121.051233,14.649028],[121.051272,14.649063],[121.051325,14.649111],[121.051423,14.649208],[121.051515,14.64931],[121.051602,14.649416],[121.051682,14.649527],[121.05176,14.64964],[121.051817,14.649744],[121.051835,14.649787],[121.051911,14.649977],[121.051947,14.650116],[121.051975,14.650229],[121.051995,14.650345],[121.052011,14.650461],[121.052024,14.650577],[121.052032,14.650694],[121.052036,14.650862],[121.052032,14.65103],[121.05202,14.651198],[121.051999,14.651365],[121.05197,14.651531],[121.051933,14.651696],[121.051888,14.651858],[121.051796,14.652106],[121.051769,14.652174],[121.051632,14.652387],[121.05156,14.652475],[121.051491,14.652517],[121.051446,14.652513],[121.051405,14.652491],[121.051364,14.652471],[121.051323,14.65246],[121.051285,14.652459],[121.051264,14.652456],[121.051253,14.652452],[121.050389,14.651912],[121.049689,14.651466],[121.049686,14.651503],[121.049678,14.651539],[121.049668,14.651574],[121.049654,14.651609],[121.049637,14.651642],[121.049616,14.651673],[121.049593,14.651702],[121.049567,14.651729],[121.049538,14.651753],[121.049507,14.651775],[121.049467,14.651798],[121.049424,14.651816],[121.04938,14.651829],[121.049334,14.651837],[121.049288,14.651839],[121.049241,14.651837],[121.049196,14.65183],[121.049151,14.651817],[121.049108,14.6518],[121.049068,14.651778],[121.04903,14.651752],[121.048996,14.651721],[121.048965,14.651687],[121.048939,14.65165],[121.048917,14.651611],[121.0489,14.651569],[121.048889,14.651525],[121.048881,14.651455],[121.048886,14.651385],[121.048645,14.651398]],\"type\":\"LineString\"},\"waypoints\":[{\"hint\":\"PioGgP___39DAAAARgAAAAAAAAAAAAAAKIE1QqhFsz8AAAAAAAAAAEMAAABGAAAAAAAAAAAAAABJPwAAoSA2B2kl3wChIDYHaSXfAAAAvwUAAAAA\",\"location\":[120.987809,14.624105],\"name\":\"Cavite Street\",\"distance\":0},{\"hint\":\"cxsGgJASkIc-AAAAoQAAAAAAAADFAgAAXPzPQerChUIAAAAAAYmTQz4AAAChAAAAAAAAAMUCAABJPwAARQ43BwaQ3wAxDjcHr47fAAAAHxEAAAAA\",\"location\":[121.048645,14.651398],\"name\":\"\",\"distance\":38.01252268}]}', 'aljeansinohin05@gmail.com');
INSERT INTO `delivery_orders` (`id`, `sale_id`, `customer_name`, `customer_phone`, `customer_address`, `notes`, `status`, `created_at`, `updated_at`, `customer_lat`, `customer_lng`, `route_json`, `customer_email`) VALUES
(9, 26, 'Nichole', '09434434', 'Quezon City, Eastern Manila District, Metro Manila, Philippines', '', 'pending', '2025-08-10 22:25:05', NULL, 14.6510546, 121.0486254, '{\"distance_m\":9030.2,\"duration_s\":900.6,\"geometry\":{\"coordinates\":[[120.987809,14.624105],[120.987822,14.624105],[120.988217,14.624096],[120.988525,14.624091],[120.988636,14.62414],[120.98881,14.623989],[120.988909,14.623902],[120.988939,14.623884],[120.988971,14.623871],[120.989005,14.623863],[120.98904,14.62386],[120.989069,14.623862],[120.989099,14.623867],[120.989127,14.623876],[120.989239,14.623948],[120.989329,14.624025],[120.989515,14.624194],[120.989611,14.624282],[120.989855,14.624511],[120.990121,14.624741],[120.99047,14.62506],[120.990501,14.62509],[120.990542,14.62513],[120.991315,14.624536],[120.991401,14.624469],[120.991494,14.624397],[120.991797,14.624163],[120.992614,14.623533],[120.993806,14.622613],[120.994975,14.62171],[120.995466,14.622153],[120.995808,14.622462],[120.996115,14.622739],[120.996209,14.622824],[120.996461,14.623051],[120.996803,14.62336],[120.997146,14.623669],[120.997481,14.623971],[120.997817,14.624274],[120.998158,14.624582],[120.998263,14.624676],[120.998351,14.624756],[120.998974,14.625052],[120.999766,14.625415],[121.000573,14.625783],[121.001276,14.626106],[121.001365,14.626147],[121.001439,14.626179],[121.00172,14.626302],[121.002195,14.626505],[121.002947,14.626837],[121.00297,14.626847],[121.003912,14.627287],[121.004235,14.627435],[121.004366,14.627497],[121.004623,14.627619],[121.005277,14.627921],[121.006327,14.628391],[121.006616,14.628527],[121.008563,14.629396],[121.009399,14.62977],[121.010107,14.630101],[121.010541,14.630292],[121.010795,14.630408],[121.010935,14.630471],[121.011298,14.630186],[121.011662,14.629853],[121.012321,14.629148],[121.012678,14.628811],[121.013162,14.628352],[121.013332,14.628186],[121.013466,14.628314],[121.013536,14.628379],[121.014696,14.629446],[121.01487,14.629594],[121.015085,14.629791],[121.015126,14.629885],[121.015661,14.630376],[121.015813,14.630506],[121.01637,14.63094],[121.017014,14.631397],[121.017184,14.63151],[121.017527,14.631727],[121.0176,14.631777],[121.017685,14.631836],[121.017737,14.631872],[121.017815,14.631926],[121.018767,14.632519],[121.020027,14.633297],[121.02041,14.633533],[121.020583,14.63364],[121.021665,14.634308],[121.021909,14.634459],[121.022225,14.634654],[121.022567,14.634865],[121.023052,14.635165],[121.023152,14.635227],[121.023459,14.635416],[121.024216,14.635884],[121.024292,14.63593],[121.02521,14.636497],[121.025605,14.636738],[121.026104,14.637038],[121.026174,14.637085],[121.026202,14.637104],[121.026547,14.637318],[121.027831,14.638121],[121.028905,14.638779],[121.029068,14.638876],[121.030292,14.639633],[121.030403,14.639701],[121.030498,14.639758],[121.031367,14.640285],[121.032806,14.641181],[121.032826,14.641194],[121.032922,14.641253],[121.033034,14.641323],[121.034665,14.642349],[121.034718,14.642414],[121.036844,14.643718],[121.038286,14.644608],[121.04018,14.645776],[121.041461,14.646567],[121.042781,14.647378],[121.042908,14.647434],[121.043067,14.647532],[121.044609,14.648497],[121.044803,14.648618],[121.045688,14.649171],[121.046571,14.649711],[121.046926,14.649916],[121.046965,14.649929],[121.047045,14.649944],[121.047127,14.649943],[121.047206,14.649925],[121.047281,14.649892],[121.04737,14.64978],[121.047509,14.64962],[121.047628,14.649501],[121.047728,14.649405],[121.047742,14.649394],[121.047887,14.649272],[121.048051,14.649146],[121.048151,14.649068],[121.048265,14.649],[121.048376,14.648932],[121.048489,14.648869],[121.048605,14.648809],[121.048654,14.648784],[121.048709,14.648758],[121.04891,14.648675],[121.049117,14.648607],[121.04929,14.648557],[121.049329,14.648545],[121.049684,14.648504],[121.04983,14.648504],[121.049968,14.64851],[121.050079,14.648522],[121.050369,14.648579],[121.050495,14.648614],[121.050618,14.648658],[121.050737,14.648709],[121.05091,14.648796],[121.050951,14.648818],[121.051118,14.64893],[121.051233,14.649028],[121.051272,14.649063],[121.051325,14.649111],[121.051423,14.649208],[121.051515,14.64931],[121.051602,14.649416],[121.051682,14.649527],[121.05176,14.64964],[121.051817,14.649744],[121.051835,14.649787],[121.051911,14.649977],[121.051947,14.650116],[121.051975,14.650229],[121.051995,14.650345],[121.052011,14.650461],[121.052024,14.650577],[121.052032,14.650694],[121.052036,14.650862],[121.052032,14.65103],[121.05202,14.651198],[121.051999,14.651365],[121.05197,14.651531],[121.051933,14.651696],[121.051888,14.651858],[121.051796,14.652106],[121.051769,14.652174],[121.051632,14.652387],[121.05156,14.652475],[121.051491,14.652517],[121.051446,14.652513],[121.051405,14.652491],[121.051364,14.652471],[121.051323,14.65246],[121.051285,14.652459],[121.051264,14.652456],[121.051253,14.652452],[121.050389,14.651912],[121.049689,14.651466],[121.049686,14.651503],[121.049678,14.651539],[121.049668,14.651574],[121.049654,14.651609],[121.049637,14.651642],[121.049616,14.651673],[121.049593,14.651702],[121.049567,14.651729],[121.049538,14.651753],[121.049507,14.651775],[121.049467,14.651798],[121.049424,14.651816],[121.04938,14.651829],[121.049334,14.651837],[121.049288,14.651839],[121.049241,14.651837],[121.049196,14.65183],[121.049151,14.651817],[121.049108,14.6518],[121.049068,14.651778],[121.04903,14.651752],[121.048996,14.651721],[121.048965,14.651687],[121.048939,14.65165],[121.048917,14.651611],[121.0489,14.651569],[121.048889,14.651525],[121.048881,14.651455],[121.048886,14.651385],[121.048645,14.651398]],\"type\":\"LineString\"},\"waypoints\":[{\"hint\":\"PioGgP___39DAAAARgAAAAAAAAAAAAAAKIE1QqhFsz8AAAAAAAAAAEMAAABGAAAAAAAAAAAAAABJPwAAoSA2B2kl3wChIDYHaSXfAAAAvwUAAAAA\",\"location\":[120.987809,14.624105],\"name\":\"Cavite Street\",\"distance\":0},{\"hint\":\"cxsGgJASkIc-AAAAoQAAAAAAAADFAgAAXPzPQerChUIAAAAAAYmTQz4AAAChAAAAAAAAAMUCAABJPwAARQ43BwaQ3wAxDjcHr47fAAAAHxEAAAAA\",\"location\":[121.048645,14.651398],\"name\":\"\",\"distance\":38.01252268}]}', 'aljeansinohin05@gmail.com'),
(10, 30, 'Berto', '09128273', 'Cavite City, Cavite, Calabarzon, Philippines', '', 'pending', '2025-08-10 22:58:57', NULL, 14.4820919, 120.9089190, '{\"distance_m\":39136.6,\"duration_s\":2960.8,\"geometry\":{\"coordinates\":[[120.987809,14.624105],[120.987822,14.624105],[120.988217,14.624096],[120.988525,14.624091],[120.988636,14.62414],[120.98881,14.623989],[120.988858,14.623911],[120.988909,14.623838],[120.988979,14.623724],[120.989004,14.623676],[120.989023,14.623624],[120.98904,14.623565],[120.989055,14.623469],[120.989032,14.622974],[120.989028,14.62279],[120.989023,14.622626],[120.988992,14.621985],[120.988989,14.621808],[120.988909,14.619054],[120.988908,14.618982],[120.988887,14.618398],[120.988882,14.618284],[120.988855,14.617661],[120.988847,14.617409],[120.988835,14.61711],[120.988835,14.616657],[120.988819,14.616129],[120.988792,14.615573],[120.988772,14.615146],[120.988769,14.615056],[120.988729,14.6143],[120.988717,14.61406],[120.988626,14.613978],[120.988702,14.613899],[120.988718,14.613883],[120.989406,14.613166],[120.989641,14.612918],[120.98994,14.612602],[120.990021,14.612517],[120.9901,14.612434],[120.990579,14.611929],[120.990668,14.611834],[120.990731,14.611768],[120.991107,14.611371],[120.991155,14.61132],[120.991764,14.610665],[120.991997,14.610433],[120.992422,14.610008],[120.99264,14.609791],[120.992717,14.609708],[120.992799,14.609628],[120.992848,14.609573],[120.993352,14.609047],[120.993875,14.608519],[120.994769,14.607582],[120.994869,14.607477],[120.995887,14.60643],[120.996692,14.605555],[120.996945,14.605279],[120.997221,14.604951],[120.997269,14.604894],[120.997356,14.604776],[120.997411,14.604693],[120.997861,14.603931],[120.997893,14.603873],[120.997984,14.603706],[120.998005,14.603667],[120.998382,14.602937],[120.998911,14.601893],[120.999739,14.600302],[121.000622,14.59853],[121.000866,14.598087],[121.001053,14.59772],[121.001188,14.597418],[121.001264,14.597148],[121.001333,14.596754],[121.001533,14.593538],[121.001547,14.593346],[121.001558,14.592853],[121.001561,14.592775],[121.001602,14.591945],[121.001604,14.591893],[121.001633,14.591443],[121.001637,14.591377],[121.001658,14.591014],[121.001673,14.590771],[121.001689,14.590509],[121.001706,14.590155],[121.001722,14.589993],[121.001733,14.589904],[121.001742,14.589794],[121.001758,14.589587],[121.001769,14.58941],[121.001779,14.589237],[121.001796,14.5889],[121.001813,14.588604],[121.00183,14.588163],[121.001831,14.588133],[121.001828,14.587884],[121.001829,14.587844],[121.001843,14.587457],[121.001891,14.586647],[121.001888,14.586298],[121.00189,14.586247],[121.001899,14.58617],[121.001898,14.586122],[121.001899,14.586075],[121.001928,14.585627],[121.001961,14.585224],[121.001999,14.584762],[121.002081,14.583789],[121.002085,14.583553],[121.002074,14.58344],[121.002051,14.58334],[121.00204,14.58331],[121.001986,14.583195],[121.001961,14.583141],[121.001848,14.583016],[121.001712,14.582863],[121.001454,14.582575],[121.001273,14.582395],[121.001271,14.582393],[121.001042,14.582174],[121.000242,14.581296],[121.000198,14.581248],[121.000068,14.581098],[120.999131,14.579902],[120.999107,14.579858],[120.999008,14.579716],[120.998852,14.579517],[120.998259,14.578735],[120.997714,14.578046],[120.997431,14.577687],[120.997097,14.577276],[120.997063,14.577234],[120.996947,14.577091],[120.996761,14.576853],[120.996328,14.576305],[120.996149,14.576088],[120.996044,14.575966],[120.995997,14.575911],[120.995859,14.575737],[120.995377,14.575149],[120.995299,14.575054],[120.994888,14.574547],[120.994775,14.574411],[120.994489,14.574074],[120.994021,14.573472],[120.993844,14.573258],[120.993708,14.573094],[120.993629,14.572938],[120.993506,14.572783],[120.993386,14.572631],[120.993353,14.572592],[120.993249,14.572471],[120.99312,14.572317],[120.992863,14.571998],[120.992624,14.571708],[120.992348,14.571377],[120.992236,14.571236],[120.992183,14.571169],[120.992128,14.571099],[120.992047,14.570999],[120.991952,14.570879],[120.991801,14.57069],[120.991668,14.570519],[120.991619,14.570457],[120.991556,14.570377],[120.991491,14.570296],[120.991453,14.570249],[120.991073,14.569776],[120.990499,14.569046],[120.989802,14.568189],[120.989627,14.567973],[120.989582,14.567919],[120.989526,14.567849],[120.989413,14.56771],[120.988991,14.567189],[120.988426,14.566491],[120.988367,14.566419],[120.988292,14.566327],[120.988226,14.566243],[120.987885,14.565808],[120.987771,14.565686],[120.987631,14.565564],[120.987475,14.565456],[120.987395,14.565415],[120.987265,14.565349],[120.987182,14.565306],[120.986949,14.56519],[120.986887,14.565159],[120.986821,14.565125],[120.986699,14.565067],[120.986319,14.564891],[120.986238,14.564857],[120.985892,14.564707],[120.985723,14.564634],[120.985478,14.564529],[120.985394,14.564494],[120.985336,14.564468],[120.985284,14.564445],[120.985063,14.564348],[120.984945,14.564299],[120.984979,14.56422],[120.985009,14.564148],[120.985077,14.563992],[120.985607,14.562779],[120.985842,14.562248],[120.98627,14.561274],[120.986649,14.560415],[120.986968,14.559691],[120.987006,14.559607],[120.987051,14.559495],[120.987088,14.559403],[120.987473,14.558453],[120.987535,14.558292],[120.987571,14.558187],[120.988471,14.555444],[120.98891,14.554092],[120.98963,14.551775],[120.989649,14.551712],[120.989666,14.551647],[120.989945,14.550541],[120.990429,14.548204],[120.990885,14.546358],[120.991016,14.5458],[120.991222,14.544933],[120.991387,14.54409],[120.991907,14.541102],[120.991919,14.541033],[120.991972,14.540724],[120.992101,14.539712],[120.992175,14.539501],[120.992252,14.538952],[120.992462,14.53704],[120.992696,14.535132],[120.99275,14.534169],[120.992901,14.532806],[120.993011,14.531844],[120.993036,14.531638],[120.993063,14.531375],[120.993096,14.531078],[120.993122,14.530886],[120.993265,14.529828],[120.993334,14.52922],[120.993445,14.528276],[120.993532,14.52751],[120.993555,14.52732],[120.993572,14.527183],[120.993613,14.526731],[120.993634,14.526268],[120.99363,14.525779],[120.993629,14.525615],[120.993628,14.525405],[120.993624,14.52481],[120.993609,14.52363],[120.993588,14.522062],[120.993542,14.521385],[120.993416,14.519553],[120.993409,14.519457],[120.993385,14.51904],[120.99335,14.518673],[120.993303,14.518314],[120.993258,14.51804],[120.993221,14.517841],[120.993171,14.51758],[120.993132,14.517419],[120.993089,14.517249],[120.99305,14.517075],[120.992945,14.516106],[120.992848,14.515125],[120.992815,14.514714],[120.992758,14.514149],[120.992702,14.513691],[120.992663,14.513403],[120.992571,14.512842],[120.992475,14.512308],[120.992394,14.51191],[120.992302,14.511488],[120.992116,14.510706],[120.991406,14.507983],[120.991352,14.507765],[120.991205,14.50719],[120.990927,14.506078],[120.99067,14.505066],[120.990458,14.504276],[120.990175,14.503281],[120.989984,14.502672],[120.989754,14.501901],[120.989587,14.501327],[120.989198,14.50004],[120.988218,14.496753],[120.988017,14.496151],[120.987758,14.495488],[120.987417,14.49474],[120.987117,14.494155],[120.986792,14.493585],[120.986435,14.493013],[120.986165,14.492632],[120.985375,14.491627],[120.984979,14.491175],[120.984402,14.490492],[120.984182,14.49025],[120.983915,14.489989],[120.983642,14.489722],[120.983235,14.489392],[120.982899,14.489162],[120.982781,14.48908],[120.982715,14.489035],[120.982636,14.488979],[120.982481,14.488855],[120.982089,14.488404],[120.982036,14.488338],[120.98199,14.48828],[120.981883,14.488141],[120.981694,14.487528],[120.981502,14.487151],[120.981282,14.486792],[120.980819,14.486109],[120.9802,14.485204],[120.978244,14.482404],[120.977838,14.481874],[120.977556,14.481543],[120.977124,14.48108],[120.976409,14.480389],[120.975555,14.479663],[120.972971,14.477461],[120.972289,14.47693],[120.972222,14.476874],[120.971834,14.476595],[120.971323,14.476236],[120.970858,14.475925],[120.970412,14.47564],[120.969762,14.475206],[120.969125,14.474787],[120.967475,14.473729],[120.966991,14.473439],[120.96636,14.473078],[120.966091,14.472897],[120.965771,14.472728],[120.965383,14.472523],[120.964758,14.472214],[120.964318,14.472009],[120.963695,14.471738],[120.963212,14.471539],[120.96294,14.471431],[120.962628,14.471314],[120.962426,14.471238],[120.962226,14.471181],[120.961935,14.471074],[120.961755,14.471009],[120.960625,14.470599],[120.959404,14.470144],[120.959001,14.469985],[120.958302,14.469724],[120.957899,14.469574],[120.957485,14.469429],[120.956573,14.469093],[120.954253,14.468282],[120.952218,14.467638],[120.949913,14.466992],[120.948973,14.466735],[120.945742,14.466012],[120.942725,14.46546],[120.941086,14.465131],[120.938901,14.46463],[120.936888,14.464108],[120.935005,14.463569],[120.933488,14.463073],[120.932203,14.462634],[120.931305,14.462306],[120.930408,14.461976],[120.928933,14.461388],[120.92707,14.460596],[120.925668,14.459945],[120.924484,14.459394],[120.923262,14.458772],[120.922029,14.45812],[120.920703,14.457382],[120.920208,14.457096],[120.918733,14.456221],[120.918384,14.455981],[120.917973,14.455709],[120.917609,14.455384],[120.91734,14.455088],[120.917219,14.454942],[120.91705,14.454706],[120.91688,14.454403],[120.91685,14.454357],[120.916799,14.454281],[120.916717,14.454138],[120.916575,14.453927],[120.916492,14.453764],[120.916371,14.453456],[120.916283,14.453225],[120.916161,14.4528],[120.916133,14.452249],[120.91608,14.451728],[120.916022,14.450874],[120.916021,14.450786],[120.916016,14.450487],[120.916015,14.449972],[120.916016,14.449331],[120.916006,14.448951],[120.915978,14.448695],[120.915941,14.44834],[120.915845,14.447911],[120.915785,14.44764],[120.915649,14.447343],[120.915604,14.447251],[120.915582,14.447221],[120.915519,14.447139],[120.9154,14.447035],[120.915329,14.447011],[120.915298,14.447],[120.915103,14.446951],[120.914883,14.446919],[120.914865,14.446916],[120.914506,14.446875],[120.914211,14.44685],[120.914107,14.446845],[120.913971,14.446836],[120.913622,14.446801],[120.913276,14.446774],[120.912971,14.446752],[120.912808,14.446746],[120.912664,14.446742],[120.912494,14.446735],[120.912282,14.446724],[120.912134,14.446717],[120.912076,14.446712],[120.911864,14.446691],[120.911661,14.44667],[120.911373,14.446626],[120.911279,14.446605],[120.911192,14.446585],[120.910973,14.446539],[120.910869,14.446516],[120.910754,14.446492],[120.910665,14.446471],[120.910606,14.446457],[120.910374,14.446401],[120.910336,14.446391],[120.910113,14.446335],[120.909853,14.446263],[120.90976,14.446237],[120.909703,14.44622],[120.909544,14.446175],[120.9093,14.44608],[120.908727,14.445849],[120.90858,14.446542],[120.908564,14.446616],[120.908526,14.446795],[120.908495,14.446871],[120.908447,14.446927],[120.908401,14.446965],[120.908344,14.446999],[120.908267,14.447014],[120.908154,14.447004],[120.907799,14.446945],[120.90752,14.446896],[120.907113,14.446832],[120.907054,14.446823],[120.906762,14.446773],[120.906711,14.446764],[120.906669,14.446752],[120.906628,14.446737],[120.906594,14.446718],[120.906555,14.446674],[120.906539,14.446633],[120.906528,14.446592],[120.906523,14.446547],[120.906514,14.446381],[120.906506,14.446264],[120.906498,14.446131],[120.906489,14.44599],[120.906486,14.445918],[120.906478,14.445795],[120.906475,14.445677],[120.90648,14.445594],[120.906489,14.445551],[120.906511,14.445454],[120.906533,14.44537],[120.90655,14.445306],[120.906593,14.44515],[120.906454,14.445109],[120.905558,14.444886],[120.905114,14.444756],[120.904876,14.444687],[120.90441,14.444533],[120.904096,14.444438],[120.903939,14.444387],[120.903875,14.44437],[120.903622,14.444286],[120.903543,14.444259],[120.903389,14.444189],[120.90318,14.444082],[120.902725,14.443819],[120.9027,14.443792],[120.902675,14.443765],[120.902659,14.443738],[120.902645,14.443707],[120.902638,14.443675],[120.902637,14.443643],[120.902638,14.443617],[120.902644,14.443593],[120.902653,14.443569],[120.902664,14.443548],[120.902677,14.443526],[120.902692,14.443506],[120.902727,14.443459],[120.903043,14.443094],[120.903139,14.442992],[120.903235,14.442898],[120.903511,14.442612],[120.903566,14.44254],[120.903596,14.442484],[120.903632,14.442418],[120.903637,14.442356],[120.903624,14.442307],[120.9036,14.442266],[120.903571,14.442233],[120.903474,14.442149],[120.903351,14.442057],[120.903244,14.441986],[120.903118,14.441884],[120.902609,14.441423],[120.902388,14.441234],[120.902013,14.440952],[120.901959,14.44092],[120.9018,14.440826],[120.901697,14.440773],[120.901542,14.440699],[120.901069,14.440462],[120.90068,14.440278],[120.900284,14.440128],[120.900035,14.440043],[120.899869,14.439996],[120.899706,14.439958],[120.899277,14.439869],[120.898886,14.439779],[120.898287,14.439581],[120.897931,14.439456],[120.897577,14.439313],[120.897202,14.439134],[120.896933,14.439006],[120.895937,14.438472],[120.895058,14.438025],[120.894818,14.437898],[120.89474,14.437859],[120.894658,14.437829],[120.894585,14.437806],[120.894549,14.437801],[120.894509,14.437797],[120.893964,14.437803],[120.893745,14.437801],[120.893612,14.4378],[120.893201,14.437722],[120.893138,14.437709],[120.893112,14.4377],[120.892965,14.437651],[120.892817,14.437595],[120.892504,14.437468],[120.892333,14.437389],[120.892249,14.437346],[120.892157,14.437301],[120.891815,14.437115],[120.891721,14.437067],[120.891603,14.437017],[120.890984,14.436784],[120.890579,14.436629],[120.89012,14.436465],[120.890011,14.436423],[120.889912,14.436382],[120.889816,14.436342],[120.889729,14.4363],[120.889651,14.436256],[120.889559,14.436199],[120.889464,14.436126],[120.889411,14.436084],[120.889353,14.436026],[120.889187,14.43586],[120.889061,14.435717],[120.888893,14.435502],[120.888861,14.435464],[120.888483,14.435024],[120.888024,14.43449],[120.887657,14.434072],[120.887231,14.433631],[120.887152,14.433554],[120.886806,14.433218],[120.886482,14.43292],[120.886162,14.432635],[120.886035,14.432522],[120.885845,14.432351],[120.885756,14.432268],[120.885721,14.432238],[120.885272,14.431848],[120.885238,14.431818],[120.884814,14.431447],[120.884335,14.431015],[120.884213,14.430904],[120.883936,14.430631],[120.883683,14.430408],[120.883564,14.430315],[120.883361,14.430124],[120.883229,14.430001],[120.883054,14.429846],[120.882937,14.429742],[120.882679,14.4295],[120.882513,14.429351],[120.882389,14.42924],[120.882365,14.429219],[120.882232,14.429105],[120.882079,14.428967],[120.881936,14.428834],[120.881482,14.428449],[120.88144,14.428413],[120.881382,14.428363],[120.881287,14.428282],[120.881155,14.428171],[120.881109,14.428131],[120.880931,14.42798],[120.880656,14.427952],[120.88052,14.427938],[120.880081,14.427894],[120.879921,14.428212],[120.879773,14.428546],[120.879625,14.428906],[120.87954,14.429126],[120.879477,14.429321],[120.879425,14.429536],[120.878995,14.431275],[120.878993,14.431285],[120.878922,14.431553],[120.878869,14.431771],[120.878867,14.431781],[120.878576,14.433024],[120.878319,14.433936],[120.878288,14.434069],[120.878112,14.434746],[120.878087,14.434831],[120.877743,14.436253],[120.877674,14.436581],[120.87765,14.436858],[120.877647,14.436896],[120.877653,14.437083],[120.877672,14.437266],[120.877684,14.437308],[120.877688,14.43733],[120.877703,14.437406],[120.877746,14.437544],[120.877778,14.437668],[120.877829,14.437834],[120.878211,14.438926],[120.878234,14.438995],[120.878247,14.439034],[120.878504,14.439877],[120.878778,14.440706],[120.878932,14.441206],[120.878956,14.441304],[120.879017,14.441513],[120.879074,14.441729],[120.879388,14.442811],[120.879522,14.44332],[120.879625,14.443691],[120.87965,14.443778],[120.879692,14.443928],[120.879707,14.443983],[120.88019,14.445775],[120.880421,14.446664],[120.880448,14.446795],[120.88047,14.446928],[120.88048,14.44713],[120.880458,14.447352],[120.880218,14.448157],[120.880023,14.448839],[120.880008,14.448886],[120.879973,14.448993],[120.879947,14.449099],[120.879889,14.449288],[120.879852,14.449369],[120.879788,14.449478],[120.879711,14.449583],[120.879626,14.449676],[120.879532,14.449768],[120.879425,14.449849],[120.879291,14.449929],[120.879265,14.449945],[120.879202,14.449976],[120.878713,14.450238],[120.878512,14.450388],[120.878388,14.450519],[120.878306,14.450634],[120.878246,14.450746],[120.878199,14.450853],[120.878191,14.451015],[120.878199,14.451256],[120.878254,14.451519],[120.878364,14.451867],[120.878835,14.45334],[120.878851,14.453393],[120.878919,14.453568],[120.879124,14.453966],[120.879253,14.454213],[120.879434,14.454558],[120.879532,14.45481],[120.879566,14.454893],[120.879614,14.455039],[120.87968,14.455251],[120.879993,14.456265],[120.88017,14.45683],[120.880549,14.458058],[120.880565,14.458107],[120.880704,14.458575],[120.880719,14.458628],[120.880743,14.458715],[120.880795,14.45895],[120.880865,14.45933],[120.880993,14.459865],[120.881141,14.460399],[120.881262,14.460767],[120.881426,14.461218],[120.881497,14.461412],[120.881984,14.462767],[120.882058,14.462952],[120.882062,14.46296],[120.882076,14.462994],[120.882101,14.463056],[120.882156,14.463203],[120.882175,14.463245],[120.882303,14.463494],[120.882425,14.463699],[120.882462,14.463756],[120.882574,14.463911],[120.882843,14.464272],[120.883261,14.464883],[120.88335,14.465006],[120.883397,14.465083],[120.883497,14.465233],[120.883532,14.46529],[120.883721,14.465561],[120.884081,14.466101],[120.885327,14.467976],[120.885386,14.468074],[120.885426,14.468125],[120.885484,14.468215],[120.88555,14.46832],[120.88575,14.468639],[120.885833,14.468765],[120.886296,14.469547],[120.886482,14.469868],[120.88673,14.470309],[120.886884,14.470595],[120.887162,14.471099],[120.887378,14.471504],[120.887575,14.471918],[120.887609,14.471962],[120.887632,14.472018],[120.887701,14.47217],[120.887868,14.472535],[120.888526,14.473942],[120.888746,14.474417],[120.888964,14.4749],[120.889056,14.475099],[120.889519,14.476051],[120.889939,14.476993],[120.890206,14.477549],[120.890274,14.477691],[120.89062,14.478411],[120.891091,14.479405],[120.891119,14.479427],[120.891261,14.479538],[120.892498,14.479866],[120.893525,14.480148],[120.894388,14.480373],[120.89462,14.480481],[120.894848,14.480626],[120.895149,14.480903],[120.895735,14.481027],[120.896276,14.481138],[120.896881,14.48124],[120.897354,14.481305],[120.897471,14.481322],[120.898177,14.481428],[120.898223,14.481436],[120.898786,14.481467],[120.89975,14.481465],[120.900848,14.481475],[120.900888,14.481478],[120.901112,14.48149],[120.90145,14.481503],[120.901859,14.481511],[120.902325,14.48152],[120.902663,14.481535],[120.903227,14.481539],[120.90361,14.481569],[120.903642,14.481573],[120.904101,14.481623],[120.904499,14.481666],[120.904823,14.481702],[120.904921,14.481715],[120.905335,14.481771],[120.905368,14.481769],[120.905399,14.481758],[120.90543,14.481738],[120.905466,14.481712],[120.905487,14.48169],[120.905507,14.48165],[120.905522,14.48157],[120.905581,14.481248],[120.905688,14.481268],[120.906056,14.481269],[120.906434,14.481288],[120.906957,14.481314],[120.907799,14.481378],[120.907968,14.481365],[120.908122,14.481318],[120.908163,14.481294],[120.90821,14.481286],[120.908473,14.481184],[120.908588,14.481164],[120.908736,14.48117],[120.908925,14.481167],[120.909058,14.481192],[120.909367,14.481383],[120.909401,14.481823],[120.909382,14.48212]],\"type\":\"LineString\"},\"waypoints\":[{\"hint\":\"PioGgP___39DAAAARgAAAAAAAAAAAAAAKIE1QqhFsz8AAAAAAAAAAEMAAABGAAAAAAAAAAAAAABJPwAAoSA2B2kl3wChIDYHaSXfAAAAvwUAAAAA\",\"location\":[120.987809,14.624105],\"name\":\"Cavite Street\",\"distance\":0},{\"hint\":\"aAYRgLvZVocdAAAACwAAACwAAAAAAAAAJ7MDQnq9NkG5SENCAAAAAB0AAAALAAAALAAAAAAAAABJPwAARu40B8j63AB37DQHrPrcAAIATxYAAAAA\",\"location\":[120.909382,14.48212],\"name\":\"\",\"distance\":50.01133796}]}', 'gcashrobin01@gmail.com'),
(11, 35, 'renz', '', 'Sampaloc, San Rafael, Bulacan, Central Luzon, 3007, Philippines', '', 'pending', '2025-08-10 23:28:43', NULL, 14.9818282, 120.9264573, '{\"distance_m\":47469,\"duration_s\":2964.9,\"geometry\":{\"coordinates\":[[120.987809,14.624105],[120.987822,14.624105],[120.988217,14.624096],[120.988525,14.624091],[120.988636,14.62414],[120.98881,14.623989],[120.988856,14.623974],[120.988904,14.623969],[120.988952,14.623972],[120.988999,14.623984],[120.989042,14.624005],[120.989114,14.624068],[120.989114,14.624091],[120.989151,14.62557],[120.989153,14.625668],[120.989157,14.625772],[120.989163,14.625945],[120.989167,14.626042],[120.989294,14.62604],[120.989695,14.626034],[120.989765,14.626095],[120.989824,14.62614],[120.989884,14.626264],[120.989931,14.62638],[120.989983,14.626543],[120.990262,14.627386],[120.990388,14.627753],[120.990518,14.62816],[120.990638,14.62851],[120.990761,14.628883],[120.990889,14.629259],[120.991017,14.629645],[120.991161,14.630096],[120.991291,14.630484],[120.9913,14.63051],[120.991445,14.630945],[120.991586,14.631398],[120.991742,14.631879],[120.99189,14.632327],[120.992047,14.632776],[120.992188,14.633211],[120.992272,14.633469],[120.992317,14.63361],[120.992337,14.633672],[120.992369,14.633769],[120.992497,14.634142],[120.992644,14.634597],[120.992673,14.634687],[120.992732,14.634874],[120.992794,14.635059],[120.99297,14.635567],[120.993186,14.636194],[120.99325,14.636382],[120.993332,14.636622],[120.993429,14.636914],[120.993503,14.637127],[120.993602,14.637193],[120.993556,14.637315],[120.993518,14.637399],[120.993366,14.637735],[120.993346,14.637767],[120.993262,14.637918],[120.993191,14.638046],[120.992554,14.639201],[120.992345,14.639583],[120.992272,14.639744],[120.992242,14.63986],[120.992223,14.639936],[120.992217,14.639976],[120.992214,14.640057],[120.992224,14.640159],[120.992258,14.640285],[120.992832,14.641624],[120.992854,14.641674],[120.993637,14.643474],[120.993691,14.643596],[120.993745,14.643718],[120.993824,14.643898],[120.993922,14.644119],[120.994155,14.644664],[120.994399,14.645234],[120.994517,14.645504],[120.994687,14.645868],[120.994735,14.645978],[120.99479,14.646106],[120.99483,14.646195],[120.994862,14.646269],[120.994906,14.64637],[120.994915,14.646393],[120.99498,14.646548],[120.995008,14.646615],[120.995074,14.646761],[120.995122,14.646878],[120.995245,14.647181],[120.995318,14.647354],[120.995576,14.647934],[120.995872,14.648635],[120.996521,14.650173],[120.996634,14.650442],[120.996729,14.650658],[120.996792,14.650802],[120.996854,14.650943],[120.997336,14.652045],[120.997463,14.65233],[120.997678,14.65277],[120.997849,14.653064],[120.997971,14.653298],[120.998089,14.653515],[120.998215,14.653733],[120.99852,14.654224],[120.998741,14.654545],[120.998862,14.654739],[120.999087,14.655041],[120.999111,14.655071],[120.999384,14.655456],[120.999532,14.65564],[120.999594,14.655719],[120.999659,14.655804],[120.999678,14.655854],[120.999902,14.656119],[120.999942,14.65617],[121.000005,14.656269],[121.000033,14.656322],[121.000051,14.656357],[121.000092,14.656439],[121.000131,14.656522],[121.000208,14.656702],[121.000236,14.656835],[121.000261,14.657003],[121.000277,14.657183],[121.000306,14.65747],[121.000312,14.657925],[121.000319,14.658325],[121.000322,14.65893],[121.000339,14.65987],[121.000361,14.661175],[121.000356,14.661554],[121.000356,14.662693],[121.000366,14.664352],[121.000426,14.667265],[121.000478,14.669094],[121.000531,14.670843],[121.000554,14.672762],[121.00056,14.673228],[121.000569,14.674028],[121.000601,14.675249],[121.000603,14.67541],[121.000585,14.676005],[121.00055,14.676521],[121.000495,14.676876],[121.000383,14.677485],[121.000325,14.677966],[121.000334,14.678597],[121.000343,14.679041],[121.000405,14.679278],[121.00043,14.679345],[121.000661,14.67997],[121.000754,14.682254],[121.000792,14.682974],[121.000812,14.683875],[121.000819,14.684185],[121.000839,14.685127],[121.000929,14.688243],[121.000935,14.688733],[121.000949,14.689379],[121.000952,14.689673],[121.000944,14.689992],[121.000882,14.691154],[121.000832,14.691665],[121.000789,14.691955],[121.000727,14.692333],[121.000659,14.692674],[121.000582,14.693022],[121.000558,14.693141],[121.000514,14.693364],[121.000469,14.693535],[121.000403,14.693773],[121.000306,14.694094],[121.000183,14.694469],[120.999931,14.695161],[120.999789,14.695492],[120.999461,14.696291],[120.999098,14.696959],[120.998946,14.697242],[120.996775,14.701286],[120.993927,14.706551],[120.993371,14.70759],[120.992524,14.709146],[120.992185,14.709787],[120.992063,14.710011],[120.991193,14.71168],[120.990441,14.713076],[120.990231,14.713459],[120.989958,14.713956],[120.987408,14.718655],[120.986062,14.721222],[120.985325,14.722587],[120.984882,14.723372],[120.98223,14.728229],[120.981804,14.729025],[120.981036,14.730443],[120.978468,14.735188],[120.97743,14.737105],[120.976342,14.739125],[120.976104,14.73958],[120.975027,14.741563],[120.974063,14.743361],[120.973545,14.74432],[120.973148,14.745073],[120.972626,14.746052],[120.972545,14.746194],[120.972367,14.74651],[120.971341,14.748403],[120.970035,14.75083],[120.969624,14.751581],[120.968838,14.753018],[120.968482,14.753684],[120.968064,14.754467],[120.96762,14.755275],[120.965657,14.758932],[120.964655,14.760789],[120.964336,14.761382],[120.9639,14.762184],[120.963635,14.762647],[120.963035,14.763765],[120.962488,14.764831],[120.961574,14.766468],[120.961532,14.766548],[120.961089,14.767368],[120.960382,14.768676],[120.9602,14.769023],[120.959767,14.769817],[120.959159,14.77094],[120.958794,14.771612],[120.956751,14.775483],[120.956286,14.776349],[120.955881,14.777151],[120.955075,14.778702],[120.950853,14.786445],[120.949801,14.788409],[120.94853,14.790747],[120.948097,14.791535],[120.947326,14.792949],[120.947171,14.793243],[120.947024,14.793506],[120.94676,14.793991],[120.946488,14.794493],[120.94585,14.795655],[120.944206,14.798738],[120.943967,14.799192],[120.943861,14.799518],[120.94379,14.799839],[120.943695,14.800423],[120.943652,14.800992],[120.943622,14.80136],[120.943529,14.801978],[120.943345,14.802514],[120.943083,14.803024],[120.942895,14.803319],[120.942682,14.803595],[120.942206,14.804078],[120.941824,14.80439],[120.941407,14.8047],[120.941073,14.804992],[120.94076,14.805291],[120.940473,14.805591],[120.940274,14.805913],[120.939613,14.807133],[120.938594,14.809017],[120.937826,14.810452],[120.937307,14.811447],[120.937096,14.811818],[120.936508,14.812968],[120.936036,14.813764],[120.935785,14.814188],[120.935548,14.814556],[120.935338,14.814842],[120.935137,14.815107],[120.934877,14.815418],[120.934556,14.81579],[120.934092,14.816269],[120.933569,14.816723],[120.933209,14.817001],[120.932873,14.817249],[120.932538,14.81747],[120.932159,14.817691],[120.931672,14.817959],[120.931231,14.818198],[120.921159,14.823559],[120.920783,14.823759],[120.920633,14.823839],[120.919899,14.82423],[120.919005,14.824703],[120.917851,14.825313],[120.917095,14.825708],[120.916997,14.825761],[120.912589,14.82814],[120.911022,14.828996],[120.909127,14.830029],[120.90893,14.830136],[120.907429,14.830914],[120.905639,14.831877],[120.905188,14.832119],[120.905117,14.832154],[120.903863,14.832777],[120.902081,14.833757],[120.901617,14.834012],[120.900559,14.83466],[120.899698,14.835189],[120.899118,14.835555],[120.898981,14.835657],[120.898882,14.835741],[120.898797,14.83584],[120.89875,14.835915],[120.898713,14.835988],[120.89868,14.836058],[120.89866,14.836121],[120.898643,14.836206],[120.898631,14.836286],[120.898631,14.836348],[120.898643,14.836408],[120.898667,14.836493],[120.898695,14.836561],[120.898729,14.836628],[120.898776,14.836716],[120.898862,14.836862],[120.899407,14.837785],[120.899571,14.838075],[120.899651,14.838241],[120.899719,14.838411],[120.899772,14.838596],[120.899815,14.838757],[120.89984,14.838888],[120.899855,14.838969],[120.899887,14.839172],[120.899898,14.839514],[120.899881,14.839843],[120.899871,14.840105],[120.899847,14.840283],[120.899791,14.840484],[120.899676,14.840784],[120.899633,14.840875],[120.899616,14.840911],[120.899453,14.84122],[120.899146,14.841674],[120.899102,14.841771],[120.899057,14.841872],[120.898879,14.842264],[120.898218,14.843725],[120.897174,14.846031],[120.896635,14.847224],[120.896434,14.847667],[120.896383,14.847818],[120.896319,14.84797],[120.896162,14.84835],[120.896114,14.848447],[120.896031,14.848606],[120.895798,14.849091],[120.895681,14.849331],[120.895579,14.849559],[120.895496,14.849755],[120.895455,14.849836],[120.895408,14.849915],[120.895364,14.850009],[120.895342,14.85005],[120.895332,14.850072],[120.894599,14.851671],[120.893924,14.853195],[120.89353,14.854053],[120.893416,14.854303],[120.893297,14.854558],[120.893063,14.855071],[120.89241,14.856534],[120.892316,14.856762],[120.891744,14.85819],[120.891543,14.858857],[120.891511,14.858947],[120.891367,14.859363],[120.891097,14.860549],[120.890883,14.861616],[120.890725,14.862686],[120.890664,14.863242],[120.890625,14.86357],[120.890611,14.86381],[120.890559,14.864828],[120.890559,14.864999],[120.890566,14.865271],[120.89056,14.865541],[120.890567,14.865937],[120.890573,14.866258],[120.890654,14.867333],[120.89066,14.867416],[120.890694,14.867748],[120.890697,14.86779],[120.890726,14.868003],[120.890913,14.869269],[120.890941,14.86941],[120.890968,14.869525],[120.891226,14.870687],[120.891317,14.871031],[120.891566,14.871896],[120.891765,14.872489],[120.891795,14.872579],[120.891857,14.872749],[120.891977,14.873104],[120.892073,14.873365],[120.892672,14.874712],[120.892877,14.875148],[120.893196,14.875767],[120.893775,14.876809],[120.894718,14.878223],[120.895832,14.879791],[120.895889,14.879872],[120.896297,14.880448],[120.896847,14.881211],[120.89686,14.88123],[120.896909,14.881301],[120.897194,14.881713],[120.898337,14.883327],[120.898627,14.883736],[120.898785,14.883959],[120.898925,14.884165],[120.899237,14.884624],[120.89938,14.884833],[120.89941,14.884873],[120.899603,14.885126],[120.899922,14.885546],[120.900251,14.886002],[120.900848,14.886829],[120.901148,14.887249],[120.901522,14.887773],[120.901684,14.888001],[120.901727,14.888067],[120.902459,14.889202],[120.902661,14.889514],[120.902974,14.890075],[120.903176,14.890437],[120.903274,14.890623],[120.903691,14.891391],[120.904227,14.892501],[120.904845,14.893848],[120.904998,14.894206],[120.905352,14.895158],[120.905605,14.895894],[120.905663,14.896078],[120.905806,14.896514],[120.906133,14.897695],[120.906483,14.89903],[120.90697,14.900929],[120.907008,14.901077],[120.907043,14.901202],[120.907326,14.902279],[120.907416,14.90261],[120.907429,14.902655],[120.907884,14.904407],[120.908014,14.904899],[120.908032,14.904962],[120.908126,14.905302],[120.908539,14.906797],[120.908813,14.907895],[120.908895,14.908189],[120.909581,14.910572],[120.909916,14.911585],[120.910273,14.912534],[120.910925,14.914131],[120.911334,14.915021],[120.911839,14.916082],[120.912098,14.916591],[120.912159,14.916714],[120.912221,14.916824],[120.912926,14.918086],[120.913372,14.918871],[120.913772,14.919515],[120.914157,14.920122],[120.914573,14.920735],[120.91537,14.921861],[120.915515,14.922053],[120.916095,14.922929],[120.916537,14.9236],[120.917067,14.924383],[120.917265,14.92466],[120.917571,14.925083],[120.917932,14.925654],[120.918273,14.926154],[120.91831,14.926205],[120.918319,14.926216],[120.918335,14.926238],[120.918366,14.926282],[120.918536,14.926521],[120.919,14.92717],[120.919568,14.927958],[120.919771,14.928242],[120.91996,14.928508],[120.920888,14.929855],[120.921215,14.930352],[120.92169,14.931074],[120.921736,14.931142],[120.921761,14.931179],[120.92213,14.931741],[120.922295,14.932007],[120.922364,14.932117],[120.922714,14.932722],[120.923101,14.933391],[120.923445,14.934007],[120.923567,14.934266],[120.923729,14.934584],[120.923946,14.935007],[120.924576,14.936343],[120.92523,14.937858],[120.925502,14.938478],[120.925656,14.938867],[120.926455,14.941293],[120.92658,14.941665],[120.926597,14.94172],[120.926704,14.942138],[120.926762,14.942363],[120.926786,14.942454],[120.926864,14.942758],[120.927166,14.944156],[120.927384,14.945159],[120.927608,14.946193],[120.927677,14.946637],[120.927825,14.947956],[120.927976,14.948204],[120.928217,14.950063],[120.928254,14.950346],[120.92849,14.952164],[120.928429,14.952546],[120.928438,14.952624],[120.928882,14.956043],[120.929299,14.958956],[120.930605,14.96899],[120.930727,14.969876],[120.930785,14.970267],[120.930947,14.971136],[120.931241,14.972336],[120.931472,14.973188],[120.931729,14.974034],[120.93213,14.975152],[120.932433,14.975963],[120.932715,14.976689],[120.933028,14.977394],[120.933208,14.977758],[120.933505,14.978359],[120.933763,14.978834],[120.934922,14.980971],[120.935594,14.982215],[120.935739,14.982262],[120.937414,14.985343],[120.937234,14.985699],[120.936951,14.98627],[120.936859,14.986477],[120.936249,14.985955],[120.936122,14.985854],[120.935853,14.985656],[120.935741,14.985584],[120.93501,14.985113],[120.934815,14.984987],[120.931756,14.983014],[120.927625,14.980409],[120.927543,14.980539],[120.926945,14.981332],[120.926522,14.981593],[120.926519,14.981693],[120.926518,14.981749],[120.926438,14.981799]],\"type\":\"LineString\"},\"waypoints\":[{\"hint\":\"PioGgP___39DAAAARgAAAAAAAAAAAAAAKIE1QqhFsz8AAAAAAAAAAEMAAABGAAAAAAAAAAAAAABJPwAAoSA2B2kl3wChIDYHaSXfAAAAvwUAAAAA\",\"location\":[120.987809,14.624105],\"name\":\"Cavite Street\",\"distance\":0},{\"hint\":\"COExgA0UT4AOAAAANAAAAAAAAABwAgAAYK4jQYgbD0IAAAAAOKLYQw4AAAA0AAAAAAAAAHACAABJPwAA5jA1B6ea5AD5MDUHxJrkAAAA7xIAAAAA\",\"location\":[120.926438,14.981799],\"name\":\"\",\"distance\":3.804356185}]}', 'aljeansinohin16@gmail.com');

-- --------------------------------------------------------

--
-- Table structure for table `inventory_activity_logs`
--

CREATE TABLE `inventory_activity_logs` (
  `id` bigint(20) UNSIGNED NOT NULL,
  `created_at` timestamp NOT NULL DEFAULT current_timestamp(),
  `user_id` int(11) DEFAULT NULL,
  `username` varchar(100) DEFAULT NULL,
  `action` varchar(50) NOT NULL,
  `product_id` int(11) DEFAULT NULL,
  `product_name` varchar(255) DEFAULT NULL,
  `details` text DEFAULT NULL,
  `stock_before_kg` decimal(10,2) DEFAULT NULL,
  `stock_before_sack` decimal(10,2) DEFAULT NULL,
  `stock_after_kg` decimal(10,2) DEFAULT NULL,
  `stock_after_sack` decimal(10,2) DEFAULT NULL,
  `ip_address` varchar(64) DEFAULT NULL,
  `user_agent` varchar(255) DEFAULT NULL
) ENGINE=InnoDB DEFAULT CHARSET=utf8mb4 COLLATE=utf8mb4_general_ci;

--
-- Dumping data for table `inventory_activity_logs`
--

INSERT INTO `inventory_activity_logs` (`id`, `created_at`, `user_id`, `username`, `action`, `product_id`, `product_name`, `details`, `stock_before_kg`, `stock_before_sack`, `stock_after_kg`, `stock_after_sack`, `ip_address`, `user_agent`) VALUES
(1, '2025-08-11 05:30:02', 1, 'admin', 'product_update', 3, 'Sinandomeng', 'Updated product info', 0.00, 83.00, 0.00, 85.00, '::1', 'Mozilla/5.0 (Windows NT 10.0; Win64; x64) AppleWebKit/537.36 (KHTML, like Gecko) Chrome/139.0.0.0 Safari/537.36'),
(2, '2025-08-11 05:31:49', 1, 'admin', 'product_hide', 9, 'Amaya Rice', 'Hidden from POS/display', NULL, NULL, 0.00, 8.00, '::1', 'Mozilla/5.0 (Windows NT 10.0; Win64; x64) AppleWebKit/537.36 (KHTML, like Gecko) Chrome/139.0.0.0 Safari/537.36');

-- --------------------------------------------------------

--
-- Table structure for table `product`
--

CREATE TABLE `product` (
  `product_id` int(11) NOT NULL,
  `supplier_id` int(11) DEFAULT NULL,
  `name` varchar(100) NOT NULL,
  `description` text DEFAULT NULL,
  `price` decimal(10,2) NOT NULL,
  `quantity_in_stock` int(11) NOT NULL DEFAULT 0,
  `low_stock_threshold` int(11) NOT NULL DEFAULT 0,
  `image` varchar(255) DEFAULT NULL,
  `created_at` timestamp NOT NULL DEFAULT current_timestamp()
) ENGINE=InnoDB DEFAULT CHARSET=utf8mb4 COLLATE=utf8mb4_general_ci;

-- --------------------------------------------------------

--
-- Table structure for table `products`
--

CREATE TABLE `products` (
  `id` int(11) NOT NULL,
  `name` varchar(100) NOT NULL,
  `price_per_kg` decimal(10,2) NOT NULL,
  `price_per_sack` decimal(10,2) DEFAULT NULL,
  `stock_kg` decimal(10,2) NOT NULL DEFAULT 0.00,
  `stock_sack` decimal(10,2) NOT NULL DEFAULT 0.00,
  `category` varchar(50) DEFAULT NULL,
  `image` varchar(255) DEFAULT NULL,
  `low_stock_threshold` decimal(10,2) NOT NULL DEFAULT 10.00,
  `created_at` timestamp NOT NULL DEFAULT current_timestamp(),
  `is_active` tinyint(1) NOT NULL DEFAULT 1
) ENGINE=InnoDB DEFAULT CHARSET=utf8mb4 COLLATE=utf8mb4_general_ci;

--
-- Dumping data for table `products`
--

INSERT INTO `products` (`id`, `name`, `price_per_kg`, `price_per_sack`, `stock_kg`, `stock_sack`, `category`, `image`, `low_stock_threshold`, `created_at`, `is_active`) VALUES
(3, 'Sinandomeng', 0.00, 990.00, 0.00, 85.00, '25kg', 'assets/img/prod_6899656872a1e5.05110615.png', 10.00, '2025-07-10 15:56:07', 1),
(4, 'Buco Pandan ', 0.00, 1400.00, 0.00, 17.00, '25kg', 'assets/img/prod_68996415138830.54483781.png', 10.00, '2025-07-10 16:00:01', 1),
(5, 'Pandan Rice', 55.00, 1300.00, 1.00, 4.00, '', 'assets/img/prod_686ff7e60c4f40.16175613.webp', 10.00, '2025-07-10 16:00:43', 1),
(6, 'Thai Rice', 0.00, 2000.00, 0.00, 15.00, '25kg', 'assets/img/prod_686ff85ed87b14.01322738.png', 10.00, '2025-07-10 16:53:59', 1),
(7, 'Jasmine', 0.00, 410.00, 0.00, 19.00, '25kg', 'assets/img/prod_686ff87bdc0390.30129342.webp', 10.00, '2025-07-10 16:58:14', 1),
(8, 'Long Grain', 0.00, 1200.00, 0.00, 28.00, '50kg', 'assets/img/prod_686ff58a00f5c2.96850255.webp', 10.00, '2025-07-10 17:16:58', 1),
(9, 'Amaya Rice', 0.00, 1900.00, 0.00, 8.00, '25kg', 'assets/img/prod_6898677dc47165.65395667.webp', 15.00, '2025-08-10 09:33:49', 0);

-- --------------------------------------------------------

--
-- Table structure for table `sales`
--

CREATE TABLE `sales` (
  `id` int(11) NOT NULL,
  `transaction_id` varchar(30) NOT NULL,
  `user_id` int(11) NOT NULL,
  `datetime` datetime NOT NULL DEFAULT current_timestamp(),
  `total_amount` decimal(10,2) NOT NULL,
  `payment` decimal(10,2) NOT NULL,
  `change_due` decimal(10,2) NOT NULL,
  `buyer_name` varchar(120) DEFAULT NULL,
  `buyer_email` varchar(190) DEFAULT NULL
) ENGINE=InnoDB DEFAULT CHARSET=utf8mb4 COLLATE=utf8mb4_general_ci;

--
-- Dumping data for table `sales`
--

INSERT INTO `sales` (`id`, `transaction_id`, `user_id`, `datetime`, `total_amount`, `payment`, `change_due`, `buyer_name`, `buyer_email`) VALUES
(1, 'TXN20250710183847714', 1, '2025-07-11 00:38:47', 120.00, 400.00, 280.00, NULL, NULL),
(2, 'TXN20250809071003407', 1, '2025-08-09 13:10:03', 1.20, 2.00, 0.80, NULL, NULL),
(3, 'TXN20250809072315153', 1, '2025-08-09 13:23:15', 165.00, 190.00, 25.00, NULL, NULL),
(4, 'TXN20250809073502572', 1, '2025-08-09 13:35:02', 172.00, 190.00, 18.00, NULL, NULL),
(5, 'TXN20250809073747181', 1, '2025-08-09 13:37:47', 4055.00, 9000.00, 4945.00, NULL, NULL),
(6, 'TXN20250809080614347', 1, '2025-08-09 14:06:14', 55.00, 60.00, 5.00, NULL, NULL),
(7, 'TXN20250809080656524', 1, '2025-08-09 14:06:56', 65.00, 200.00, 135.00, NULL, NULL),
(8, 'TXN20250809081636292', 1, '2025-08-09 14:16:36', 65.00, 80.00, 15.00, NULL, NULL),
(9, 'TXN20250809081728362', 1, '2025-08-09 14:17:28', 65.00, 80.00, 15.00, NULL, NULL),
(10, 'TXN20250809081837980', 1, '2025-08-09 14:18:37', 65.00, 80.00, 15.00, NULL, NULL),
(11, 'TXN20250809081858330', 1, '2025-08-09 14:18:58', 65.00, 90.00, 25.00, NULL, NULL),
(12, 'TXN20250809084402979', 1, '2025-08-09 14:44:02', 990.00, 1000.00, 10.00, NULL, NULL),
(13, 'TXN20250809084835601', 1, '2025-08-09 14:48:35', 1980.00, 3000.00, 1020.00, NULL, NULL),
(18, 'TXN20250809122255597', 1, '2025-08-09 18:22:55', 990.00, 1000.00, 10.00, NULL, NULL),
(19, 'TXN20250809122334715', 1, '2025-08-09 18:23:34', 990.00, 1000.00, 10.00, NULL, NULL),
(20, 'TXN20250810082416172', 1, '2025-08-10 14:24:16', 4000.00, 6000.00, 2000.00, NULL, NULL),
(21, 'TXN20250810082610666', 1, '2025-08-10 14:26:10', 1300.00, 1.00, 0.00, NULL, NULL),
(22, 'TXN20250810083209488', 1, '2025-08-10 14:32:09', 1980.00, 2000.00, 20.00, NULL, NULL),
(23, 'TXN20250810130805990', 1, '2025-08-10 19:08:05', 2462.00, 3000.00, 538.00, NULL, NULL),
(24, 'TXN20250810133214456', 2, '2025-08-10 19:32:14', 2000.00, 2000.00, 0.00, NULL, NULL),
(25, 'TXN20250810161635867', 1, '2025-08-10 22:16:35', 333.00, 400.00, 67.00, 'Nichole', 'aljeansinohin05@gmail.com'),
(26, 'TXN20250810162505559', 1, '2025-08-10 22:25:05', 333.00, 400.00, 67.00, 'Nichole', 'aljeansinohin05@gmail.com'),
(27, 'TXN20250810162711366', 1, '2025-08-10 22:27:11', 403.00, 500.00, 97.00, 'Nena', 'aljeansinohin16@gmail.com'),
(28, 'TXN20250810163255127', 1, '2025-08-10 22:32:55', 1300.00, 2000.00, 700.00, 'Aljin', 'aljeansinohin16@gmail.com'),
(29, 'TXN20250810165601153', 1, '2025-08-10 22:56:01', 1300.00, 2000.00, 700.00, 'Aljean', 'aljeansinohin16@gmail.com'),
(30, 'TXN20250810165857792', 1, '2025-08-10 22:58:57', 1900.00, 2000.00, 100.00, 'Berto', 'gcashrobin01@gmail.com'),
(31, 'TXN20250810170906859', 1, '2025-08-10 23:09:06', 990.00, 1000.00, 10.00, 'Roan', 'aljeansinohin16@gmail.com'),
(32, 'TXN20250810171156745', 1, '2025-08-10 23:11:56', 1300.00, 2000.00, 700.00, 'Lorenz', 'aljeansinohin16@gmail.com'),
(33, 'TXN20250810171806234', 1, '2025-08-10 23:18:06', 403.00, 600.00, 197.00, 'aljin', 'aljeansinohin16@gmail.com'),
(34, 'TXN20250810172454436', 1, '2025-08-10 23:24:54', 5513.00, 6000.00, 487.00, 'Jane', 'aljeansinohin16@gmail.com'),
(35, 'TXN20250810172843590', 1, '2025-08-10 23:28:43', 1300.00, 2000.00, 700.00, 'renz', 'aljeansinohin16@gmail.com');

-- --------------------------------------------------------

--
-- Table structure for table `sale_items`
--

CREATE TABLE `sale_items` (
  `id` int(11) NOT NULL,
  `sale_id` int(11) NOT NULL,
  `product_id` int(11) NOT NULL,
  `quantity_kg` decimal(10,2) DEFAULT 0.00,
  `quantity_sack` decimal(10,2) DEFAULT 0.00,
  `price` decimal(10,2) NOT NULL
) ENGINE=InnoDB DEFAULT CHARSET=utf8mb4 COLLATE=utf8mb4_general_ci;

--
-- Dumping data for table `sale_items`
--

INSERT INTO `sale_items` (`id`, `sale_id`, `product_id`, `quantity_kg`, `quantity_sack`, `price`) VALUES
(1, 1, 3, 1.00, 0.00, 120.00),
(2, 1, 4, 0.00, 0.00, 0.00),
(3, 1, 5, 0.00, 0.00, 0.00),
(4, 2, 3, 0.02, 0.00, 1.20),
(5, 2, 4, 0.00, 0.00, 0.00),
(6, 2, 5, 0.00, 0.00, 0.00),
(7, 2, 6, 0.00, 0.00, 0.00),
(8, 2, 7, 0.00, 0.00, 0.00),
(9, 2, 8, 0.00, 0.00, 0.00),
(10, 3, 6, 0.00, 0.00, 0.00),
(11, 3, 5, 3.00, 0.00, 165.00),
(12, 3, 8, 0.00, 0.00, 0.00),
(13, 3, 7, 0.00, 0.00, 0.00),
(14, 3, 3, 0.00, 0.00, 0.00),
(15, 4, 6, 4.00, 0.00, 172.00),
(16, 5, 6, 0.00, 2.00, 4000.00),
(17, 5, 5, 1.00, 0.00, 55.00),
(18, 6, 5, 1.00, 0.00, 55.00),
(19, 7, 4, 1.00, 0.00, 65.00),
(20, 8, 4, 1.00, 0.00, 65.00),
(21, 9, 4, 1.00, 0.00, 65.00),
(22, 10, 4, 1.00, 0.00, 65.00),
(23, 11, 4, 1.00, 0.00, 65.00),
(24, 12, 3, 0.00, 1.00, 990.00),
(25, 13, 3, 0.00, 2.00, 1980.00),
(30, 18, 3, 0.00, 1.00, 990.00),
(31, 19, 3, 0.00, 1.00, 990.00),
(32, 20, 6, 0.00, 2.00, 4000.00),
(33, 21, 5, 0.00, 1.00, 1300.00),
(34, 22, 3, 0.00, 2.00, 1980.00),
(35, 23, 3, 0.00, 1.00, 990.00),
(36, 23, 8, 0.00, 2.00, 666.00),
(37, 23, 7, 0.00, 2.00, 806.00),
(38, 24, 6, 0.00, 1.00, 2000.00),
(39, 25, 8, 0.00, 1.00, 333.00),
(40, 26, 8, 0.00, 1.00, 333.00),
(41, 27, 7, 0.00, 1.00, 403.00),
(42, 28, 5, 0.00, 1.00, 1300.00),
(43, 29, 5, 0.00, 1.00, 1300.00),
(44, 30, 9, 0.00, 1.00, 1900.00),
(45, 31, 3, 0.00, 1.00, 990.00),
(46, 32, 5, 0.00, 1.00, 1300.00),
(47, 33, 7, 0.00, 1.00, 403.00),
(48, 34, 8, 0.00, 1.00, 333.00),
(49, 34, 5, 0.00, 1.00, 1300.00),
(50, 34, 3, 0.00, 2.00, 1980.00),
(51, 34, 9, 0.00, 1.00, 1900.00),
(52, 35, 5, 0.00, 1.00, 1300.00);

-- --------------------------------------------------------

--
-- Table structure for table `supplier`
--

CREATE TABLE `supplier` (
  `supplier_id` int(11) NOT NULL,
  `name` varchar(100) NOT NULL,
  `landline` varchar(100) DEFAULT NULL,
  `phone` varchar(30) DEFAULT NULL,
  `email` varchar(100) DEFAULT NULL,
  `address` varchar(255) DEFAULT NULL
) ENGINE=InnoDB DEFAULT CHARSET=utf8mb4 COLLATE=utf8mb4_general_ci;

--
-- Dumping data for table `supplier`
--

INSERT INTO `supplier` (`supplier_id`, `name`, `landline`, `phone`, `email`, `address`) VALUES
(1, 'Renzele Hannah Valdez1', '0912878218218', '1234567890', 'aljeansinohin16@gmail.com', '. Sudama Chowk, Mota Varachha, Surat, Gujarat, India.'),
(5, 'Drew', '999787', '565656', 'kinolog405@cotasen.com', 'Manila');

-- --------------------------------------------------------

--
-- Table structure for table `users`
--

CREATE TABLE `users` (
  `id` int(11) NOT NULL,
  `username` varchar(50) NOT NULL,
  `email` varchar(100) NOT NULL,
  `password_hash` varchar(255) NOT NULL,
  `role` enum('admin','staff') NOT NULL DEFAULT 'staff',
  `status` enum('active','inactive') NOT NULL DEFAULT 'active',
  `created_at` timestamp NOT NULL DEFAULT current_timestamp(),
  `last_login` timestamp NOT NULL DEFAULT current_timestamp()
) ENGINE=InnoDB DEFAULT CHARSET=utf8mb4 COLLATE=utf8mb4_general_ci;

--
-- Dumping data for table `users`
--

INSERT INTO `users` (`id`, `username`, `email`, `password_hash`, `role`, `status`, `created_at`, `last_login`) VALUES
(1, 'admin', 'admin@gmail.com', '$2a$12$av05hdKoisJu9/wS0HwoNuyx3BUaHwKHaeCyZmoxgLELjgcPVbRSS', 'admin', 'active', '2025-07-10 15:33:57', '2025-07-16 15:44:39'),
(2, 'staff', 'staff1@example.com', '$2y$10$gZmEmDhEskwEP0iWPTi66.0qhfgcwPpRuIkYWILcPm.sE3EndGEI2', 'staff', 'active', '2025-07-10 15:36:42', '2025-07-10 15:48:41'),
(5, 'staff2', 'kinolog405@cotasen.com', '$2y$10$SJoMtd1sq4HH35.AXLmwcuelzHC2/yrjjIS8iqYQgSugrlOjvSYcK', 'staff', 'active', '2025-08-10 16:12:46', '2025-08-10 16:12:46'),
(6, 'Mylean', 'hehexa7783@cronack.com', '$2y$10$aQ8N3yx.8N5ppYxHSUDz2.24MbHevnlztNu9GSVMuw6NiynBQWv1y', 'admin', 'active', '2025-08-10 16:39:47', '2025-08-10 16:39:47');

--
-- Indexes for dumped tables
--

--
-- Indexes for table `delivery_orders`
--
ALTER TABLE `delivery_orders`
  ADD PRIMARY KEY (`id`),
  ADD KEY `idx_delivery_sale_id` (`sale_id`),
  ADD KEY `idx_delivery_status` (`status`),
  ADD KEY `idx_delivery_geo` (`customer_lat`,`customer_lng`);

--
-- Indexes for table `inventory_activity_logs`
--
ALTER TABLE `inventory_activity_logs`
  ADD PRIMARY KEY (`id`),
  ADD KEY `idx_created_at` (`created_at`),
  ADD KEY `idx_action` (`action`),
  ADD KEY `idx_product_id` (`product_id`);

--
-- Indexes for table `product`
--
ALTER TABLE `product`
  ADD PRIMARY KEY (`product_id`),
  ADD KEY `supplier_id` (`supplier_id`);

--
-- Indexes for table `products`
--
ALTER TABLE `products`
  ADD PRIMARY KEY (`id`);

--
-- Indexes for table `sales`
--
ALTER TABLE `sales`
  ADD PRIMARY KEY (`id`),
  ADD UNIQUE KEY `transaction_id` (`transaction_id`),
  ADD KEY `user_id` (`user_id`);

--
-- Indexes for table `sale_items`
--
ALTER TABLE `sale_items`
  ADD PRIMARY KEY (`id`),
  ADD KEY `sale_id` (`sale_id`),
  ADD KEY `product_id` (`product_id`);

--
-- Indexes for table `supplier`
--
ALTER TABLE `supplier`
  ADD PRIMARY KEY (`supplier_id`);

--
-- Indexes for table `users`
--
ALTER TABLE `users`
  ADD PRIMARY KEY (`id`),
  ADD UNIQUE KEY `username` (`username`),
  ADD UNIQUE KEY `email` (`email`);

--
-- AUTO_INCREMENT for dumped tables
--

--
-- AUTO_INCREMENT for table `delivery_orders`
--
ALTER TABLE `delivery_orders`
  MODIFY `id` int(11) NOT NULL AUTO_INCREMENT, AUTO_INCREMENT=12;

--
-- AUTO_INCREMENT for table `inventory_activity_logs`
--
ALTER TABLE `inventory_activity_logs`
  MODIFY `id` bigint(20) UNSIGNED NOT NULL AUTO_INCREMENT, AUTO_INCREMENT=3;

--
-- AUTO_INCREMENT for table `product`
--
ALTER TABLE `product`
  MODIFY `product_id` int(11) NOT NULL AUTO_INCREMENT;

--
-- AUTO_INCREMENT for table `products`
--
ALTER TABLE `products`
  MODIFY `id` int(11) NOT NULL AUTO_INCREMENT, AUTO_INCREMENT=10;

--
-- AUTO_INCREMENT for table `sales`
--
ALTER TABLE `sales`
  MODIFY `id` int(11) NOT NULL AUTO_INCREMENT, AUTO_INCREMENT=36;

--
-- AUTO_INCREMENT for table `sale_items`
--
ALTER TABLE `sale_items`
  MODIFY `id` int(11) NOT NULL AUTO_INCREMENT, AUTO_INCREMENT=53;

--
-- AUTO_INCREMENT for table `supplier`
--
ALTER TABLE `supplier`
  MODIFY `supplier_id` int(11) NOT NULL AUTO_INCREMENT, AUTO_INCREMENT=6;

--
-- AUTO_INCREMENT for table `users`
--
ALTER TABLE `users`
  MODIFY `id` int(11) NOT NULL AUTO_INCREMENT, AUTO_INCREMENT=7;

--
-- Constraints for dumped tables
--

--
-- Constraints for table `delivery_orders`
--
ALTER TABLE `delivery_orders`
  ADD CONSTRAINT `delivery_orders_ibfk_1` FOREIGN KEY (`sale_id`) REFERENCES `sales` (`id`);

--
-- Constraints for table `product`
--
ALTER TABLE `product`
  ADD CONSTRAINT `product_ibfk_1` FOREIGN KEY (`supplier_id`) REFERENCES `supplier` (`supplier_id`);

--
-- Constraints for table `sales`
--
ALTER TABLE `sales`
  ADD CONSTRAINT `sales_ibfk_1` FOREIGN KEY (`user_id`) REFERENCES `users` (`id`);

--
-- Constraints for table `sale_items`
--
ALTER TABLE `sale_items`
  ADD CONSTRAINT `sale_items_ibfk_1` FOREIGN KEY (`sale_id`) REFERENCES `sales` (`id`),
  ADD CONSTRAINT `sale_items_ibfk_2` FOREIGN KEY (`product_id`) REFERENCES `products` (`id`);
COMMIT;

/*!40101 SET CHARACTER_SET_CLIENT=@OLD_CHARACTER_SET_CLIENT */;
/*!40101 SET CHARACTER_SET_RESULTS=@OLD_CHARACTER_SET_RESULTS */;
/*!40101 SET COLLATION_CONNECTION=@OLD_COLLATION_CONNECTION */;
